hotel,name,country,city,rating,nbRating,price,ratioPriceQuality
WVYTOGAM,GLENGROVE AT MAPLE LEAF,CA,TORONTO,70,224,1261.19,0.055503135927179884
RDYYZ284,RADISSON ADMIRAL HOTEL TORONTO,CA,TORONTO,13,39,1140.6,0.011397510082412765
BRYYZBRB,RENAISSANCE DOWNTOWN TORONTO,CA,TORONTO,55,235,1181.59,0.04654744877664842
TMYYZ848,THOMPSON TORONTO,CA,TORONTO,23,112,1185.37,0.019403224309709206
UIYTOEMT,DELSUITES ELEMENT,CA,TORONTO,99,155,1058.82,0.09350031166770556
PHYYZSMH,SOHO METROPOLITAN HOTEL,CA,TORONTO,48,168,836.55,0.05737851891698046
UIYTO300,DELSUITES 300 FRONT STREET WEST,CA,TORONTO,74,312,346.19,0.2137554522083249
RCYYZTDR,RESIDENCE INN DOWNTWN MARRIOTT,CA,TORONTO,87,11,1399.29,0.06217438843985164
ICYYZICC,INTERCONTINENTAL TORONTO CTR,CA,TORONTO,59,316,457.59,0.1289363840993029
WVYYZ007,HOTEL LE GERMAIN TORONTO,CA,TORONTO,100,124,99.75,1.0025062656641603
GIYYZ416,HILTON GARDEN INN DWTN TORONTO,CA,TORONTO,34,244,817.55,0.0415876704788698
RZYYZRZZ,THE RITZ-CARLTON TORONTO,CA,TORONTO,95,386,332.65,0.28558545017285436
WVYYZ096,HOTEL LE GERMAIN MAPLE LEAF SQUARE,CA,TORONTO,39,48,1237.49,0.031515406185100486
WIYYZHAR,WESTIN HARBOUR CASTLE TORONTO,CA,TORONTO,14,77,888.45,0.015757780404074512
FAYYZRYH,FAIRMONT ROYAL YORK,CA,TORONTO,55,380,482.39,0.1140156305064367
GZYYZ006,THE GRANGE HOTEL,CA,TORONTO,56,15,415.7,0.13471253307673803
GZYYZ046,CLUB INTRAWEST - BLUE MOUNTAIN,CA,COLLINGWOOD,27,87,880.19,0.030675195128324565
HHYYZ217,HILTON TORONTO,CA,TORONTO,33,109,734.89,0.04490467961191471
YXYTO821,DRAKE HOTEL,CA,TORONTO,92,192,196.79,0.4675034300523401
SIYYZ271,SHERATON CENTRE TORONTO HOTEL,CA,TORONTO,51,290,731.78,0.06969307715433601
WVYTOKIN,ONE KING WEST HOTEL AND RESIDENCE,CA,TORONTO,23,64,152.89,0.15043495323435152
LEYYZCOS,COSMOPOLITAN HOTEL TORONTO,CA,TORONTO,87,121,826.85,0.10521860071355142
MCYYZ999,REFRESH,CA,TORONTO,36,273,622.85,0.05779882796821064
OMYYZ310,THE OMNI KING EDWARD HOTEL,CA,TORONTO,90,358,782.55,0.11500862564692353
DTYYZ977,DOUBLETREE BY HILTON TORONTO DOWNTOWN,CA,TORONTO ONTARIO,10,271,1370.05,0.007299003685996862
MCYYZECM,TORONTO MARRIOTT EATON CENTRE,CA,TORONTO,21,165,626.25,0.033532934131736525
HIYTO1F4,HOLIDAY INN EXPRESS DOWNTOWN,CA,TORONTO,54,252,204.29,0.2643301189485535
LEYYZPAN,PANTAGES HOTEL TORONTO CENTRE,CA,TORONTO,80,16,1413.49,0.056597499805446094
YXYTO121,ST. LAWRENCE RESIDENCES AND SU,CA,TORONTO,29,15,589.19,0.04922011575213428
WVYYZBPL,BOND PLACE HOTEL,CA,TORONTO,82,359,867.69,0.09450379743917758
WVYTO736,GLEN GROVE RESIDENCES AT 736 BAY STREET,CA,TORONTO,23,281,146.69,0.15679323743949827
EQYYZDEL,EATON CHELSEA TORONTO,CA,TORONTO,63,95,312.65,0.20150327842635538
WVYYZ009,GRAND HOTEL AND SUITES TORONTO,CA,TORONTO,15,197,937.69,0.015996757990380615
NZYTOA56,THE SAINT JAMES HOTEL AN ASCEND HTL,CA,TORONTO,37,192,1074.2,0.034444237572146714
GIYYZ362,HILTON GARDEN INN TORONTO CITY CENTRE,CA,TORONTO,17,34,175.99,0.0965963975225865
HIYTOB25,HOLIDAY INN DOWNTOWN CENTRE,CA,TORONTO,79,376,1261.89,0.06260450593950344
CYYYZCYC,COURTYARD DOWNTOWN MARRIOTT,CA,TORONTO,81,141,330.39,0.24516480523018253
CIYTO794,COMFORT INN CITY CENTRE,CA,TORONTO,24,281,1134.62,0.021152456328991206
EOYTO761,ECONO LODGE INN AND SUITES DOWNTOWN,CA,TORONTO,27,331,87.19,0.30966853997018007
KGYTO900,KNIGHTS INN DOWNTOWNER,CA,TORONTO,84,388,688.29,0.12204158131020355
HJYTO164,HOJO TORONTO DOWNTOWN WEST,CA,TORONTO,37,38,338.59,0.1092767063410024
ILYTO134,ROYAL OAK INN,CA,TORONTO,53,325,1293.09,0.04098709293243317
HIYTO1FC,HOLIDAY INN BLOOR YORKVILLE,CA,TORONTO,83,331,542.89,0.15288548324706663
YXYTO002,MADISON MANOR BOUTIQUE HOTEL,CA,TORONTO,73,32,1485.05,0.04915659405407225
YXYTOVIC,VICTORIAS MANSION,CA,TORONTO,40,274,585.15,0.06835854054515936
HYYYZ12M,PARK HYATT TORONTO YORKVILLE,CA,TORONTO,69,52,1040.95,0.06628560449589317
LWYYZ014,THE  HAZELTON HOTEL TORONTO,CA,TORONTO,58,164,408.01,0.14215337859366192
YXYYZTOW,TOWN INN SUITES,CA,TORONTO,16,207,966.75,0.016550297388156193
MCYYZMCM,TORONTO MARRIOTT BLOOR YORKVIL,CA,TORONTO,19,355,1132.78,0.01677289500167729
GZYTZ229,ISABELLA HOTEL AND SUITES,CA,TORONTO,51,140,70.74,0.720949957591179
UIYTOJCM,DELSUITES JAMES COOPER MANSION,CA,TORONTO,47,14,1429.45,0.03287977893595439
ICBKKICB,INTERCONTINENTAL BANGKOK,TH,bangkok,59,391,696.25,0.08473967684021544
HIBKK47E,HOLIDAY INN BANGKOK,TH,bangkok,69,92,862.99,0.07995457653043488
LXBKKHBA,HANSAR BANGKOK HOTEL,TH,bangkok,13,382,773.45,0.016807809166720537
HSBKKAPT,CITY INN,TH,bangkok,53,189,1172.09,0.04521837060294005
MCBKKERM,MARRIOTT EXEC APTS MAYFAIR,TH,bangkok,72,213,609.85,0.11806181847995409
CYBKKCYC,COURTYARD BY MARRIOTT BANGKOK,TH,bangkok,77,100,412.15,0.1868251850054592
XRBKK199,THE ST REGIS BANGKOK,TH,bangkok,20,232,597.99,0.03344537534072476
HSBKKAHS,AMARI RESIDENCES BANGKOK,TH,bangkok,84,242,1214.79,0.06914775393277851
RTBKKNOV,NOVOTEL BANGKOK ON SIAM SQUARE,TH,bangkok,62,369,1230.59,0.050382336927815116
RTBKKMGA,HOTEL MUSE BANGKOK,TH,bangkok,11,250,1298.79,0.00846942153850892
HSBKKADU,NATURAL VILLE MANAGED BY ACCOR,TH,bangkok,48,107,385.09,0.12464618660572854
INBKK443,HOTEL INDIGO WIRELESS ROAD,TH,bangkok,93,235,156.95,0.5925453966231284
SLBKK272,SWISSOTEL NAI LERT PARK BANKOK,TH,bangkok,34,173,375.19,0.09062075215224287
WVBKK308,INDRA REGENT HOTEL,TH,bangkok,32,147,1497.29,0.021371945314534926
LWBKK832,THE OKURA PRESTIGE BANGKOK,TH,bangkok,99,52,187.3,0.5285638013881473
HSBKKALC,HOTEL VISTA EXPRESS (FORMERLY FOUR SEASO,TH,bangkok,37,58,979.1,0.03778980696558063
HSBKKANW,PJ WATERGATE HOTEL BANGKOK,TH,bangkok,35,133,107.99,0.32410408371145477
HSBKKAAL,BAIYOKE SUITE HOTEL,TH,bangkok,26,369,269.29,0.09655018753017193
HSBKKALS,LUXX XL LANGSUAN HOTEL LANGSUAN,TH,pathum wan,79,100,431.79,0.18295930892331919
RTBKKPLO,NOVOTEL BANGKOK PLOENCHIT,TH,bangkok,42,156,1070.94,0.039217883354809795
HSBKKATB,LEMONTEA HOTEL,TH,bangkok,19,183,1413.59,0.013440955298212353
HSBKKAKG,PRATUNAM PARK HOTEL,TH,bangkok,40,167,618.79,0.06464228575122417
RTBKKVIE,VIE HOTEL BANGKOK MGALLERY,TH,bangkok,41,392,515.95,0.07946506444422909
HSBKKAOD,METZ PRATUNAM,TH,bangkok,36,219,1493.46,0.02410509822827528
RABKK001,D'MA BANGKOK,TH,bangkok,78,132,780.39,0.09995002498750624
UIBKKCHA,CHATEAU DE BANGKOK,TH,bangkok,74,305,582.39,0.1270626212675355
SXBKKFXS,"FURAMAXCLUSIVE SUKHUMVIT, BANGKOK",TH,bangkok,63,286,887.45,0.07098991492478449
HSBKKASJ,BAIYOKE BOUTIQUE HOTEL,TH,bangkok,56,257,667.29,0.08392153336630251
HSBKKALI,MYHOTEL-PRATUNAM,TH,bangkok,98,99,831.9,0.11780262050727251
WVBKK229,U SUKHUMVIT BANGKOK,TH,bangkok,76,330,1480.89,0.05132048970551492
WVBKKEAS,EASTIN HOTEL MAKKASAN,TH,bangkok,97,57,1038.79,0.0933778723322327
HSBKKAJG,ARIYASOMVILLA AND SPA,TH,bangkok,14,313,431.89,0.03241566139526268
RTBKKSIA,IBIS BANGKOK SIAM,TH,bangkok,27,255,125.25,0.2155688622754491
BWBKK328,BEST WESTERN MAYFAIR SUITES,TH,rajthevee,90,187,1294.29,0.06953619358876295
BWBKK353,BW PLUS AT 20 SUKHUMVIT,TH,bangkok,28,101,596.59,0.046933404850902624
MCBKKDTM,JW MARRIOTT HOTEL BANGKOK,TH,bangkok,52,43,776.59,0.06695939942569439
BWBKK356,BEST WESTERN PREMIER SUKHUMVIT,TH,bangkok,48,126,1282.39,0.03743011096468313
XTBKK372,MAJESTIC GRANDE HOTEL,TH,bangkok,100,155,1481.93,0.06747957056001296
YHBKKSHA,SHAMA SUKHUMVIT,TH,bangkok,79,354,1368.65,0.05772111204471559
HIBKKEFF,HOLIDAY INN EXP SIAM,TH,bangkok,97,249,293.95,0.3299880932131315
UIBKKOSB,ON8 SUKHUMVIT BANGKOK,TH,bangkok,16,358,119.69,0.13367866989723454
YXBKKGCP,GRANDE CENTRE POINT T 21,TH,bangkok,45,25,1196.25,0.03761755485893417
WVBKK645,TENFACE BANGKOK,TH,bangkok,96,344,831.89,0.11539987257930737
WVBKKSCH,THE SUKOSOL BANGKOK,TH,phaya thai,23,76,1012,0.022727272727272728
YHBKKBOU,AMARI BOULEVARD BANGKOK,TH,bangkok,98,170,130.9,0.7486631016042781
RTBKKNAN,IBIS BANGKOK NANA,TH,bangkok,18,214,1419.24,0.01268284433922381
HSBKKACD,MAC BOUTIQUE SUITES,TH,bangkok,78,387,355.09,0.21966262074403675
HSBKKARE,ICHECK INN NANA,TH,bangkok,42,148,746.15,0.05628894994304094
CPBKK3C3,CROWNE PLAZA LUMPINI PARK,TH,bangkok,54,77,1273.1,0.042416149556201405
ALBKK211,ALOFT BANGKOK SUKHUMVIT,TH,bangkok,95,237,1383.1,0.06868628443351892
HSBKKAHC,BALLY'S SUITE SILOM,TH,bangkok,14,12,514.29,0.027221995372260787
HSBKKADS,ALL SEASONS BANGKOK SIAM,TH,bangkok,93,92,308.35,0.3016053186314253
UIBKK310,GRAND SWISS SUKHUMVIT 11,TH,bangkok,94,91,564.25,0.16659282233052725
FGBKKMHB,MONTIEN HOTEL BANGKOK,TH,bangkok,80,326,650.95,0.1228973039403948
HSBKKAPD,IN RESIDENCE BANGKOK SUKHUMVIT,TH,bangkok,76,388,1493.2,0.05089740155371015
RDBKK161,RADISSON STE BANGKOK SUKHUMVIT,TH,bangkok,24,273,1000.39,0.0239906436489769
HSBKKABR,D VAREE DIVA HIPTIQUE BANGKOK,TH,bangkok,61,189,1211.55,0.05034872683752219
SBBKKSKV,SOFITEL BANGKOK SUKHUMVIT,TH,bangkok,22,226,638.19,0.03447249251790219
KIBKKSIA,SIAM KEMPINSKI BANGKOK,TH,bangkok,29,173,1119.35,0.025907892973600754
MDBKK946,LE MERIDIEN BANGKOK,TH,bangkok,40,163,1059.75,0.0377447511205473
HSBKKATA,RUAMCHITT PLAZA HOTEL,TH,bangkok,29,151,1495.85,0.01938697061871177
HSBKKABA,GALLERIA 10 SUKHUMVIT BANGKOK (FORMERLY,TH,bangkok,19,280,565.85,0.033577803304762746
CNBKK260,CONRAD BANGKOK RESIDENCES,TH,bangkok,40,152,192.87,0.20739358116866283
HSBKKAJT,S15 SUKHUMVIT HOTEL,TH,bangkok,82,220,707.85,0.11584375220738857
YXBKKSGW,CENTRE POINT SUKHUMVIT 10,TH,bangkok,20,123,271.1,0.07377351530800443
IQBKKATL,THE AETAS LUMPINI,TH,bangkok,18,348,1209.75,0.014879107253564786
MUBKKMSB,GRAND MILLENNIUM SUKHUMVIT BANGKOK,TH,bangkok,24,26,1342.39,0.017878559882001502
HSBKKATM,THE KEY BANGKOK,TH,bangkok,43,97,1042.61,0.04124265065556632
HSBKKAPB,NANTRA SILOM,TH,bangkok,69,398,350.4,0.1969178082191781
HIBKKCAC,HOLIDAY INN BANGKOK SILOM,TH,bangkok,33,170,265.6,0.12424698795180722
RTBKKASO,GRAND MERCURE ASOKE RESIDENCE,TH,bangkok,28,61,1406.55,0.01990686431339092
BYBKK800,BANYAN TREE BANGKOK,TH,bangkok,35,136,1271.84,0.027519184803119892
DHBKKAUU,SM GRANDE RESIDENCE,TH,bangkok,50,337,663.3,0.07538067239559777
WIBKK446,WESTIN GRANDE SUKHUMVIT  BANGK,TH,BANGKOK,87,28,1370.05,0.0635013320681727
MCBKKEAM,MARRIOTT EXEC APTS SATHORN VIS,TH,BANGKOK,80,332,1174.49,0.06811467104871051
FIBKK597,FRASER SUITES SUKHUMVIT,TH,BANGKOK,21,299,796.49,0.026365679418448442
WVBKK703,U SATHORN BANGKOK,TH,BANGKOK,92,240,309.3,0.29744584545748465
HSBKKAHE,I RESIDENCE HOTEL SILOM,TH,BANGKOK,43,204,120.55,0.3566984653670676
AZBKK128,SOMERSET PARK SUANPLU,TH,BANGKOK,75,357,589.99,0.12712079865760437
HSBKKAMO,URBANA SATHORN,TH,BANGKOK,17,278,177.05,0.09601807399039819
HSBKKANB,S SUKHUMVIT SUITES,TH,BANGKOK,72,218,1131.35,0.06364078313519247
HSBKKAOQ,UNICO PREMIER METROLINK,TH,BANGKOK,10,155,1276.78,0.007832202885383542
UZBKK969,THE CONTINENT HOTEL,TH,BANGKOK,97,214,1243.95,0.07797741066763134
HSBKKAKA,ASOKE SUITES,TH,KHLONGTOEY,64,180,1305.9,0.04900834673405314
TABKK074,COLUMN BANGKOK,TH,BANGKOK,36,139,117.15,0.3072983354673495
PUBKKMON,PULLMAN BANGKOK HOTEL G,TH,BANGKOK,54,148,330.59,0.1633443237847485
RTBKKSAT,IBIS BANGKOK SATHORN,TH,BANGKOK,64,181,712.29,0.08985104381642309
ONBKKMGH,MARUAY GARDEN HOTEL,TH,BANGKOK,35,95,1353.29,0.02586289708783779
HSBKKASP,BANGKOK CENTRE HOTEL,TH,BANGKOK,75,320,1178.65,0.06363212149493064
SXBKKFSB,FURAMA SILOM BANGKOK,TH,BANGKOK,16,350,915.42,0.017478315964256846
PKBKK616,PARK PLAZA BANGKOK SOI 18,TH,BANGKOK,51,277,397.74,0.12822446824558756
WVBKK43P,MAITRIA HOTEL SUKHUMVIT 18,TH,BANGKOK,88,377,592.39,0.14855078579989534
FGBKKBEL,BELAIRE BANGKOK,TH,BANGKOK,96,88,714.25,0.1344067203360168
WHBKK258,W BANGKOK,TH,BANGKOK,24,42,347.29,0.06910651040916813
HSBKKAGK,TRIPLE TWO SILOM,TH,BANGKOK,11,175,605.09,0.018179113850832106
WKBKKREM,REMBRANDT HOTEL BANGKOK,TH,BANGKOK,34,71,693.15,0.04905143186900383
RDBKK591,RADISSON BLU PLAZA BANGKOK,TH,BANGKOK,56,162,240.59,0.23276112889147513
AZBKK127,SOMERSET LAKE POINT,TH,KLONGTOEY- BANGKOK,89,189,600.29,0.14826167352446318
HSBKKAFM,CHAYDON SATHORN (FORMERLY ALL SEASONS SA,TH,BANGKOK,91,50,961.09,0.094684160692547
HSBKKADE,SILOM CITY HOTEL,TH,BANGKOK,58,86,732.65,0.0791646761755272
RTBKKFOR,GRAND MERCURE FORTUNE BANGKOK,TH,BANGKOK,35,257,1396.19,0.025068221373881778
HSBKKAPH,AMBER BOUTIQUE SILOM HOTEL,TH,BANGKOK,95,86,495.65,0.19166750731362858
LXBKKSKT,S31 SUKHUMVIT HOTEL,TH,BANGKOK,16,351,1058.39,0.015117300805941097
HSBKKADP,FOR YOU RESIDENCE,TH,BANGKOK,53,273,948.98,0.055849438344327595
RTBKKGMP,GRAND MERCURE PARK AVENUE,TH,BANGKOK,16,76,1002.35,0.015962488152840824
RTBKKLOT,BANGKOK HOTEL LOTUS SUKHUMVIT,TH,BANGKOK,76,18,1320.89,0.05753696371385959
HSBKKAQX,MA HOTEL,TH,BANGKOK,40,282,799,0.05006257822277847
UIBKK849,ADMIRAL SUITES,TH,BANGKOK,99,334,1346.65,0.07351576133367986
HSBKKAOM,ABLOOM EXCLUSIVE SERVICED APARTMENT,TH,BANGKOK,21,53,967.49,0.021705650704400045
GABKKARI,AVANI ATRIUM BANGKOK,TH,BANGKOK,98,155,904.99,0.10828848937557321
HSBKKAMC,H-RESIDENCE SATHON,TH,BANGKOK,98,320,1182.95,0.08284373811234624
SIBKK172,ROYAL ORCHID SHERATON HOTEL,TH,BANGKOK,96,388,1106.6,0.08675221398879451
HIBKK426,HOLIDAY INN BKK SUKHUMVIT,TH,BANGKOK,26,399,1365.95,0.019034371682711666
PFBKKPSB,PAN PACIFIC SERVICED SUITES BANGKOK,TH,BANGKOK,95,56,234,0.405982905982906
MCBKKSPM,MARRIOTT EXEC APTS SUKHUMVT PK,TH,BANGKOK,93,297,1105.25,0.08414385885546256
FGBKKGCP,GRAND CHINA HOTEL,TH,BANGKOK,68,306,358.05,0.18991760927244797
HLBKK101,HILTON MILLENNIUM BANGKOK,TH,BANGKOK,70,349,276.95,0.2527532045495577
UZBKK024,OAKWOOD RESIDENCE SUKHUMVIT 24,TH,BANGKOK,62,32,421.79,0.14699257924559614
MCBKKMSM,BANGKOK MARRIOTT SUKHUMVIT,TH,BANGKOK,92,42,682.95,0.1347097152060912
HLBKK999,HILTON SUKHUMVIT BANGKOK,TH,BANGKOK,72,42,370.79,0.1941799940667224
HSBKKAEU,BOSSOTEL BANGKOK,TH,BANGKOK,71,252,404.69,0.1754429316266772
UIBKKAGB,ADELPHI GRANDE BANGKOK,TH,BANGKOK,16,194,113.89,0.14048643427868995
UZBKKDBK,THE DAVIS BANGKOK,TH,BANGKOK,74,218,1249.79,0.05920994727114155
WVBKK941,EASTIN GRAND HOTEL SATHORN,TH,BANGKOK,18,269,1011.05,0.017803273824242124
DHBKKAVB,MODE HOTEL SATHORN,TH,BANGKOK,20,136,928.75,0.021534320323014805
DHBKKAWB,HOLIDAY INN EXPRESS BANGKOK SATHORN,TH,BANGKOK,48,346,261.07,0.18385873520511742
HIBKKDCF,HOLIDAY INN EXP SATHORN,TH,BANGKOK,51,352,1406.95,0.03624862290770816
HSBKKAGD,MIRAMAR HOTEL BANGKOK,TH,BANGKOK,93,78,263.49,0.3529545713309803
YXBKKGRA,GRANDE VILLE HOTEL,TH,BANGKOK,81,328,453.15,0.17874875868917578
HSBKKATH,DOUBLE TWO - SILOM,TH,BANGKOK,13,376,806.59,0.016117234282597107
HSBKKAIV,U PLACE,TH,BANGKOK,39,250,128.25,0.30409356725146197
RABKK676,RAMADA PLAZA BANGKOK SUKHUMVIT,TH,BANGKOK,50,363,1169.13,0.04276684372139967
AZBKK512,SOMERSET SUKHUMVIT THONGLOR,TH,BANGKOK,54,255,89.6,0.6026785714285715
HSBKKAJR,SAWASDEE SUKHUMVIT INN,TH,BANGKOK,59,137,1377.85,0.042820336030772586
HSBKKAKK,SARASINEE MANSION,TH,BANGKOK,67,101,965.89,0.06936607688246074
HSBKKAAP,NOUVO CITY HOTEL,TH,BANGKOK,85,284,534.69,0.15897061848921804
HSBKKAES,DIAMOND HOUSE,TH,BANGKOK,86,128,1078.89,0.0797115553948966
MCBKKBPM,MARRIOTT EXEC APTS THONGLOR,TH,BANGKOK,74,82,1351.09,0.05477059263261515
HSBKKAJB,SAWASDEE BANGKOK INN,TH,BANGKOK,78,367,53.69,1.4527845036319613
UZBKK592,ARCADIA SUITES BANGKOK,TH,BANGKOK,44,308,1108.73,0.039685045051545464
HSBKKAJA,SAWASDEE KHAOSAN INN,TH,BANGKOK,14,246,903.45,0.015496153633294592
HSBKKATK,ATRIUM BOUTIQUE HOTEL,TH,BANGKOK,98,206,1340.4,0.07311250373022977
PNBKK831,THE PENINSULA BANGKOK,TH,BANGKOK,92,284,1094.75,0.08403745147293902
HSBKKAHU,SAWASDEE WELCOME INN,TH,BANGKOK,96,121,973.65,0.09859805885071637
PHBKKTSI,THE SIAM BANGKOK PREFERRED,TH,BANGKOK,21,21,1062.15,0.019771218754413216
ALYUL044,ALOFT MONTREAL AIRPORT,CA,montreal,25,293,1465.59,0.01705797665104156
SIYUL639,SHERATON MONTREAL AIRPORT HTL,CA,montreal,14,181,350.95,0.03989172246758798
FNYULFIF,FAIRFIELD INN N STES MARRIOTT,CA,montreal,98,110,1069.5,0.09163160355306219
QIYUL967,QUALITY INN AND SUITES P.E. TRUDEAU AIRP,CA,montreal,46,177,1220.59,0.03768669250116747
SCYUL051,HOTEL DORVAL,CA,dorval,60,322,831.35,0.07217176880976725
HIYULE3E,HOLIDAY INN EXP STES AIRPORT,CA,montreal,66,28,604.2,0.10923535253227408
DIYUL132,DAYS INN & CONFERENCE CENTRE -,CA,montreal,56,84,1263.65,0.04431606853163455
QIYUL333,QUALITY SUITES MONTREAL AEROPORT,CA,pointe claire,15,86,899.5,0.016675931072818232
TLYUL361,TL HOTEL MONTREAL AIRPORT,CA,saint laurent,65,121,815.7,0.07968615912713006
CPYULC51,CROWNE PLAZA MONTREAL AIRPORT,CA,montreal,24,96,781.79,0.030698781002571025
CYYULAPC,COURTYARD AIRPORT MARRIOTT,CA,montreal,44,223,1052.1,0.04182111966543105
RCYULRAR,RESIDENCE AIRPORT MARRIOTT,CA,montreal,63,310,696.69,0.09042759333419455
HIYUL08D,HOLIDAY INN MONTREAL AIRPORT,CA,saint laurent,40,295,507.29,0.07885036172603442
CCLGA115,CLARION HOTEL LA GUARDIA AIRPORT,US,east elmhurst,97,337,1452.85,0.06676532333000654
WVLGA100,LAGUARDIA AIRPORT HOTEL,US,east elmhurst,30,187,901.7,0.033270489076189416
HXLGB109,HAMPTON INN LOS ANGELES ORNGE,US,cypress,86,399,1432.55,0.060032808627971106
MCLGAAPM,LAGUARDIA AIRPORT MARRIOTT,US,east elmhurst,21,324,802.35,0.026173116470368293
WVLGAE65,LAGUARDIA PLAZA HOTEL,US,east elmhurst,10,377,449.79,0.022232597434358254
CILGA392,COMFORT INN LAGUARDIA AIRPORT - 83RD ST,US,east elmhurst,69,241,214.35,0.32190342897130864
UZLGAAIR,AIRWAY MOTOR INN AT LA GUARDIA,US,east elmhurst,18,58,783.49,0.022974128578539612
XVNYCQCS,SPRINGHILL STES LAGUA MARRIOTT,US,corona,30,283,702.99,0.04267486023983271
FNLGAFIF,FAIRFIELD INN FLUSHIN MARRIOTT,US,flushing,44,333,506.39,0.08688955153142834
NZNYC565,HOTEL DE POINT AN ASCEND COLLECTION,US,flushing,71,32,1301.39,0.05455705053827061
FNLGAQAF,FAIRFIELD INN ASTORIA MARRIOTT,US,astoria,88,250,280.49,0.31373667510428177
HILGA156,HOLIDAY INN LAGUARDIA AIRPORT,US,corona,35,348,927,0.037756202804746494
UZNYC113,CORONA HOTEL,US,corona,33,152,582.99,0.05660474450676684
YXNYCTPH,THE PARC HOTEL,US,flushing,46,283,1391.59,0.033055713248873596
BWFLU111,BW QUEENS COURT HOTEL,US,flushing,75,178,1159.59,0.06467803275295579
RFLGA727,RED ROOF FLUSHING,US,flushing,81,346,1145.49,0.07071209700652123
YXLGA432,MARCO LAGUARDIA LEXINGTON,US,flushing,17,317,544.05,0.031247128021321572
GZLGAAHL,ASIATIC HOTEL LAGUARDIA EAST,US,flushing,95,330,114.85,0.827165868524162
SILGA994,SHERATON LAGUARDIA EAST HOTEL,US,flushing,54,99,116.99,0.4615779126421062
YXLGAFLU,FLUSHING YMCA,US,flushing,20,134,303.19,0.06596523632045911
UZLGA457,METRO MOTEL,US,woodside,52,180,1395.75,0.03725595557943758
YXJFK020,PARIS SUITES NYC,US,flushing,74,238,167.77,0.44108005006854617
EALGA651,EXTENDED STAY AMERICA LGA AIR,US,whitestone,35,214,658.09,0.053184214925010256
YXPARRND,HOTEL LES RIVES DE NOTRE DAME,FR,paris,16,365,339.29,0.04715729906569601
RTPARVEE,PROP FOR DXM NRT,FR,paris,60,77,1115.89,0.05376874064647948
BWPAR599,BW PREMIER ROYAL SAINT MICHEL,FR,paris,55,75,888.45,0.06190556587314987
OIPARRDA,HOTEL RESIDENCE DES ARTS,FR,paris,33,209,454.45,0.07261524920233249
OIPARVDE,HOTEL VILLA D ESTREES,FR,paris,34,222,1111.49,0.03058956895698567
HIPARC12,HOLIDAY INN PARIS-NOTRE DAME,FR,paris,93,217,1288.05,0.07220216606498195
AZPARPSG,CITADINES SAINT GERMAIN PARIS,FR,paris,79,316,1258.05,0.06279559635944518
LXPARCHP,HOTEL RELAIS CHRISTINE,FR,paris,83,31,556.69,0.14909554689324397
MCPAR022,PROPERTY PAR 022,FR,paris,60,101,1153.59,0.05201154656333706
MCPAR037,PROPERTY PAR 037,FR,paris,68,236,800.89,0.08490554258387543
MCPAR055,PROPERTY PAR 055,FR,paris,78,294,124.99,0.6240499239939196
MCPAR049,PROPERTY PAR 049,FR,paris,46,202,1477.89,0.031125455886432684
MCPAR013,PROPERTY PAR 013,FR,paris,87,109,1123.89,0.07740971091476923
MCPAR064,PROPERTY PAR 064,FR,paris,48,264,583,0.0823327615780446
CXLAXHCP,HILTON HOTELS LONDON KENSINGTON,FR,paris,43,116,1395.49,0.030813549362589485
MCPAR034,PROPERTY PAR 034,FR,paris,79,256,1332.99,0.0592652608046572
MCPAR019,PROPERTY PAR 019,FR,paris,91,368,1173.15,0.077568938328432
MCPAR021,PROPERTY PAR 021,FR,paris,48,393,642.3,0.07473143390938815
MCPAR028,PROPERTY PAR 028,FR,paris,31,121,163.55,0.18954448180984407
MCPAR040,PROPERTY PAR 040,FR,paris,46,85,1134.79,0.04053613443897109
MCPAR045,PROPERTY PAR 045,FR,paris,64,389,630.55,0.10149869161842837
MCPAR059,PROPERTY PAR 059,FR,paris,82,212,129.1,0.635166537567777
MCPAR13B,PROPERTY PAR 13B,FR,paris,78,221,814.35,0.0957819119543194
MCPAR005,PROPERTY PAR 005,FR,paris,87,137,352.25,0.24698367636621718
MCPAR031,PROPERTY PAR 031,FR,paris,21,22,1171.49,0.017925889252148972
MCPAR027,PROPERTY PAR 027,FR,paris,56,299,297.49,0.1882416215671115
MCPAR043,PROPERTY PAR 043,FR,paris,82,213,436.19,0.18799147160641005
MCPAR053,PROPERTY PAR 053,FR,paris,49,387,468.59,0.10456902622761903
MCPAR056,PROPERTY PAR 056,FR,paris,23,202,661.75,0.03475632791839819
MCPAR024,PROPERTY PAR 024,FR,paris,40,292,704.85,0.056749663048875645
MCPAR006,PROPERTY PAR 006,FR,paris,36,82,459.29,0.07838185024712055
MCPAR038,PROPERTY PAR 038,FR,paris,46,128,347,0.13256484149855907
MCPAR050,PROPERTY PAR 050,FR,paris,46,116,297.45,0.15464783997310472
MCPAR062,PROPERTY PAR 062,FR,paris,29,44,405.15,0.07157842774281131
MCPAR010,PROPERTY PAR 010,FR,paris,22,198,455.65,0.04828267310435642
MCPAR015,PROPERTY PAR 015,FR,paris,19,145,59.49,0.31938140864010756
MCPAR009,PROPERTY PAR 009,FR,paris,71,317,91.55,0.7755324959038777
MCPAR061,PROPERTY PAR 061,FR,paris,91,395,899.9,0.10112234692743638
MCPAR13T,PROPERTY PAR 13T,FR,paris,65,255,466.49,0.1393384638470278
MCPAR046,PROPERTY PAR 046,FR,paris,28,39,103.25,0.2711864406779661
MCPAR016,PROPERTY PAR 016,FR,paris,71,289,914.85,0.07760835109580805
MCPAR032,PROPERTY PAR 032,FR,paris,40,114,1009.49,0.03962396853856898
MCPAR003,PROPERTY PAR 003,FR,paris,19,144,1481.79,0.012822329749829598
DHPAR003,PROPERTY PAR 003,FR,paris,26,361,281.35,0.09241158699129198
DHPAR006,PROPERTY PAR 006,FR,paris,16,227,1321.69,0.012105713139995006
DHPAR010,PROPERTY PAR 010,FR,paris,20,149,956.25,0.02091503267973856
DHPAR655,PROPERTY PAR 655,FR,paris,14,59,541.99,0.02583073488440746
DHPAR005,PROPERTY PAR 005,FR,paris,86,140,513.79,0.16738356137721638
DHPAR854,PROPERTY PAR 854,FR,paris,81,236,222.85,0.36347318824321295
DHPAR009,PROPERTY PAR 009,FR,paris,10,36,1019.95,0.009804402176577283
EAMIACCT,CONCORDE OPERA PARIS OPERA PARIS,FR,paris,84,75,349.15,0.24058427609909783
YXPAR151,HOTEL BRITANNIQUE,FR,paris,36,23,1187.59,0.030313492030077722
XKPAR321,THE DEMO HOTEL,FR,paris,83,52,306.84,0.27049928301394865
YXPARLER,LE REGENT,FR,paris,99,34,459.55,0.21542813622021542
YXPAR4IE,HOTEL PRINCE DE CONTI,FR,paris,15,398,1281.49,0.011705124503507636
SILAXHCP,HILTON HOTELS LONDON KENSINGTON,US,los angeles,92,119,1083.29,0.0849264739820362
XKLAX000,SOPHIE US2,US,los angeles,100,284,817.49,0.12232565535969858
DTLAX213,DOUBLETREE BY HILTON LOS ANGELES,US,los angeles,91,82,1394.05,0.06527742907356264
YXLAXKAW,KAWADA HOTEL,US,los angeles,100,213,1076.55,0.0928893223723933
OMLAXCTR,OMNI LA AT CALIFORNIA PLAZA,US,los angeles,98,319,931.75,0.10517842768983096
MULAXRHB,MILLENNIUM BILTMORE HOTEL LAX,US,los angeles,86,292,521.89,0.16478568280672173
HHLAX269,HILTON LOS ANGELES CHECKERS,US,los angeles,76,123,982.89,0.07732299646959477
WILAXLAB,THE WESTIN BONAVENTURE HOTEL AND SUITES,US,los angeles,91,101,527.8,0.1724137931034483
UZLAX618,STAY ON MAIN,US,los angeles,95,316,1249.09,0.07605536830812833
WVLAX684,LOS ANGELES ATHLETIC CLUB,US,los angeles,98,239,687.99,0.14244393087108825
SILAX598,SHERATON LOS ANGELES DOWNTOWN,US,los angeles,67,271,767.8,0.08726230789268039
BWLAX341,BW PLUS DRAGON GATE INN,US,los angeles,10,394,402.49,0.024845337772367016
YXLAX243,THE RITZ MILNER LOS ANGELES,US,los angeles,92,85,1280.45,0.07184974032566675
UZLAXTEN,OAKWOOD AT 1010 WILSHIRE,US,los angeles,68,210,614.69,0.1106248678195513
ILLAX055,GRANDVIEW INN,US,hermosa beach,34,393,757.01,0.044913541432741975
ILLAX010,TENTEN WILSHIRE,US,los angeles,17,320,1425.89,0.01192237830407675
GQLAXORC,O HOTEL,US,los angeles,42,398,812.59,0.05168658240933312
KGLAX484,KNIGHTS INN LOSANGELES CENTRAL,US,los angeles,81,103,733.59,0.1104158998895841
YXLAXAVB,AMERICAS BEST VALUE INN,US,los angeles,84,122,403.19,0.20833850045884075
LELAX299,LUXE CITY CENTER HOTEL,US,los angeles,67,135,888.64,0.0753961109110551
RCLAXRIR,RESIDENCE INN LA LIV MARRIOTT,US,los angeles,17,121,678.3,0.025062656641604012
RZLAXLZZ,THE RITZ-CARLTON LOS ANGELES,US,los angeles,75,52,648.59,0.11563545537242326
MCLAXJWM,JW MARRIOTT HOTEL LOS ANGELES,US,los angeles,75,118,556.55,0.1347587817806127
DHLAXAKK,RESIDENCE INN BY MARRIOTT LOS ANGELES L.,US,los angeles - ca,10,55,942.09,0.010614697109617977
CYLAXLDC,COURTYARD LA LIVE MARRIOTT,US,los angeles,82,354,220.99,0.37105751391465674
SCLAX625,HOTEL SOLAIRE,US,los angeles,51,158,955.79,0.053359001454294355
HILAXE1C,HOLIDAY INN EXP DOWNTOWN WEST,US,los angeles,43,126,750.39,0.057303535494876
RYLAXB11,RODEWAY INN CONVENTION CENTER,US,los angeles,64,257,612.19,0.10454270732942386
YXLAX251,AMERICAS BEST VALUE INN,US,los angeles,49,164,413.45,0.11851493530052001
CILAX785,COMFORT INN LOS ANGELES,US,los angeles,97,262,161.99,0.5988023952095808
QILAXD12,QUALITY INN AND SUITES BY CONVENTION CEN,US,los angeles,59,332,253.49,0.23275079884808078
EALAX308,EXTENDED STAY AMERICA GARDENA,US,los angeles,82,133,1013.25,0.08092770787071306
CILAX080,COMFORT INN NEAR UNIVERSAL STUDIOS HOLLY,US,los angeles,33,321,880.1,0.03749573912055448
GZLAX457,SHELTER HOTEL LOS ANGELES,US,los angeles,66,26,636.65,0.10366763527841043
WVLAX376,THE LINE,US,los angeles,13,363,1330.59,0.009770101984833796
RZMIARZR,THE RITZ-CARLTON COCONUT GROVE,US,miami,10,42,155.29,0.06439564685427265
RCMIACOR,RESIDENCE INN COCONUT MARRIOTT,US,coconut grove,44,148,272.19,0.16165178735442154
XLMIAMTH,THE MUTINY HOTEL COCONUT GROVE,US,miami,50,156,1206.29,0.04144940271410689
CYMIAGVC,COURTYARD COCONUT GRV MARRIOTT,US,miami,83,386,1309.49,0.06338345462737402
SNMIASCG,SONESTA COCONUT GROVE MIAMI,US,miami,13,105,371.7,0.034974441754102775
HXMIAFZ7,HAMPTON INN COCONUT GROVE,US,miami,77,136,1496.84,0.05144170385612357
LXMIAVSB,VINTRO SOUTH BEACH,US,miami,91,246,215.89,0.4215109546528325
EAMIA258,EXTENDED STAY AMERICA CORAL GA,US,miami,38,11,1223.09,0.031068850207261935
GZMIAHOT,HOTEL ST MICHEL,US,coral gables,51,120,452.79,0.11263499635592658
CYMIAGBC,COURTYARD CORAL GABLE MARRIOTT,US,coral gables,45,125,972.69,0.04626345495481602
LWMIA707,THE BILTMORE,US,coral gables,38,303,601.2,0.06320691949434463
EAMIA242,EXTENDED STAY AMERICA BRICKELL,GL,aasiaat,69,147,160.19,0.4307384980335851
BWMIA384,BEST WESTERN PREMIER MIAMI INT,US,miami,90,105,731.49,0.12303654185293032
SIYYZ692,SHERATON GATEWAY TORONTO AIRPORT,CA,toronto,33,146,72.89,0.4527370009603512
WVYTO834,ALT HOTEL PEARSON AIRPORT,CA,mississauga,28,14,279.09,0.10032605969400553
GIYYZ678,HILTON GARDEN INN TORONTO AIRPORT,CA,toronto,54,338,753.79,0.07163798936043195
HXYYZ327,HAMPTON INN STE ARPT TORONTO,CA,mississauga,27,117,131.55,0.20524515393386544
FNYYZFSF,FAIRFIELD INN N STES MARRIOTT,CA,mississauga,19,133,769.15,0.0247025937723461
SIYYZ490,FOUR POINTS TORONTO AIRPORT,CA,mississauga,32,122,1110.19,0.028823895008962427
WIYYZ771,WESTIN BRISTOL PL TORONTO,CA,toronto,77,277,473.54,0.16260505976263884
HIYYZ302,HOLIDAY INN TORONTO INTL ARPT,CA,toronto,17,256,127.29,0.13355330348024197
CYYYZAPC,COURTYARD AIRPORT MARRIOTT,CA,toronto,70,18,477.35,0.14664292447889388
IQYYZ011,CARLINGVIEW AIRPORT INN,CA,toronto,85,393,1317.19,0.06453131287058055
TLYYZ310,TRAVELODGE HOTEL TORONTO AIRPO,CA,toronto,88,20,273.59,0.32164918308417706
QIYYZ309,QUALITY SUITES TORONTO AIRPORT,CA,etobicoke,80,20,106.19,0.7533666070251436
MCYYZOTM,TORONTO AIRPORT MARRIOTT HOTEL,CA,toronto,84,160,1201.65,0.06990388216202721
CIYTO568,COMFORT INN TORONTO AIRPORT,CA,mississauga,88,399,882.21,0.09974949275115902
SIYYZ508,SHERATON TORONTO AIRPORT HTL & CONF CTR,CA,toronto,83,318,597.85,0.13883081040394749
RCYYZRIR,RESIDENCE INN AIRPORT MARRIOTT,CA,toronto,74,348,822.5,0.08996960486322189
PSYTO124,SANDMAN SIGNATURE TORONTO AIR,CA,toronto,41,295,732.79,0.05595054517665361
CPYYZ97F,CROWNE PLAZA AIRPORT,CA,toronto,22,258,142.09,0.15483144485889225
TOYYZTST,TOWNEPLACE SUITES BY MARRIOTT-APT CRPT,CA,mississauga,72,118,1141.09,0.0630975646092771
HXYYZ901,HMPTN INN TORONTO ARPRT CORP CTR,CA,toronto,63,313,866.59,0.07269873873458037
BWYYZ086,BEST WESTERN PLUS TVL HTL TORO,CA,toronto,70,194,421.45,0.16609324949578835
RDYYZ286,RADISSON STE HTL TORONTO ARPRT,CA,toronto,68,79,101.09,0.6726679196755366
HIYYZ752,HOLIDAY INN TORONTO APT EAST,CA,toronto,34,268,908.85,0.037409913627111185
HGYYZ416,HOMEWOOD TORONTO AIRPORT CORPORATE CE,CA,mississauga,12,391,915.15,0.013112604491067038
ILYTO362,WOODBINE HOTEL AND,CA,toronto,100,362,1266.49,0.07895838103735521
BWYYZ037,BW PLUS TORONTO AIRPORT HOTEL,CA,mississauga toronto,52,370,1233.09,0.042170482284342586
CIYYZ478,COMFORT HOTEL AIRPORT NORTH,CA,etobicoke,22,351,760.29,0.028936326927882783
RCYYZMUR,RESIDENCE INN ARPT W MARRIOTT,CA,mississauga,44,198,494.8,0.0889248181083266
WVYYZTAW,TORONTO AIRPORT WEST HOTEL,CA,mississauga,89,149,596.15,0.14929128575023065
CYYYZMQC,COURTYARD ARPT WEST MARRIOTT,CA,mississauga,25,250,1180.59,0.02117585275159031
CIYYZ280,COMFORT INN AIRPORT WEST,CA,mississauga,21,199,299.49,0.07011920264449564
GIYYZ905,HILTON GARDEN INN MISSISSAUGA,CA,mississauga,18,13,159.19,0.11307242917268673
QIYYZ516,QUALITY INN AND SUITES AIRPORT,CA,mississauga,97,211,309.35,0.31356069177307255
PSYYZSWL,SANDMAN SIGNATURE MISSISSAUGA,CA,mississauga,99,364,1276.91,0.07753091447322051
HIYYZ613,HOLIDAY INN MISSISSAUGA TO W,CA,mississauga,67,390,965.65,0.06938331693677834
BWFCO336,BEST WESTERN HTL ROME AIRPORT,IT,fiumicino,21,102,391.85,0.05359193568967717
YXROMSEC,HOTEL SECCY,IT,fiumicino,29,128,1031.55,0.02811303378411129
YXROMDLI,DOMUS LINA,IT,fiumicino,27,277,1464.6,0.01843506759524785
YXROMTIB,HOTEL TIBER,IT,fiumicino,56,207,1442.65,0.03881745399091949
CIFCO058,COMFORT HOTEL ROMA AIRPORT FIUMICINO,IT,fiumicino,44,358,354.35,0.12417101735572174
WVFCO548,EURO HOUSE AIRPORT INN,IT,fiumicino,46,36,643.35,0.07150073832284137
BWFCO270,BEST WESTERN HTL RIVIERA,IT,fiumicino,28,161,1135.79,0.024652444554010864
HLCDG342,HILTON PARIS CDG,FR,roissy charles de gaulle,42,294,1335.59,0.03144677633105968
RTCDGAIR,MERCURE PARIS CDG AIRPORT,FR,roissy cdg cedex,47,91,1453.95,0.032325733347088964
RTCDGALT,MERCURE PARIS ROISSY CDG 3*,FR,roissy en france,83,132,507.25,0.16362740266140957
MCCDGMCM,PARIS CDG AIRPORT MARRIOTT,FR,roissy en france,14,129,1363.55,0.010267316930072238
MUCDGCOP,MILLENNIUM HOTEL PARIS CDG,FR,roissy en france,35,374,1256.39,0.027857591989748402
SICDG125,SHERATON PARIS CDG AIRPORT HTL,FR,roissy en france,16,266,791.15,0.02022372495734058
BWCDG714,BEST WESTERN PARIS CDG AIRPORT,FR,roissy en france,20,198,807.99,0.024752781593831607
PTCDG951,PENTAHOTEL PARIS CDG AIRPORT,FR,roissy en france,33,156,1045.09,0.03157622788467979
HICDG0E0,HOLIDAY INN PARIS CDG AIRPORT,FR,paris,20,354,325.68,0.061409972979611885
NNPARP08,PREMIERE CLASSE ROISSY,FR,roissy-en-france,90,61,827.15,0.10880735054101433
RTCDGHOT,SUITE NOVOTEL PARIS ROISSY CDG,FR,roissy en france,48,397,387.59,0.12384220439123818
CICDG290,COMFORT HOTEL AIRPORT CDG,FR,le mesnil amelot,94,75,1400.05,0.06714045926931181
GTCDG352,GOLDEN TULIP PARIS CDG AIRPORT VILLEPINT,FR,roissy-en-france,49,242,344.39,0.14228055402305526
FGCDGRES,SEJOURS ET AFFAIRES ROISSY VILLAGE,FR,roissy en france,63,389,1181.49,0.05332249955564584
EUCDGSUI,HOTEL ONLY SUITES PARIS CDG,FR,roissy en france,29,361,673.25,0.043074637950241364
NNPARC55,CAMPANILE ROISSY LE MESNIL AMELOT,FR,le mesnil amelot,53,93,218.85,0.24217500571167466
HSCDGACS,SEJOURS AFFAIRES ROISSY VILLAGE APPARTHO,FR,roissy,51,210,190.09,0.2682939660160976
FGPARRRP,RESIDHOME ROISSY PARK-ROISSY EN FRANCE,FR,roissy en france,84,162,1327.75,0.06326492186028997
HYCDGIPR,HYATT REGENCY PARIS-CDG,FR,roissy en france,46,340,574.15,0.08011843594879388
RTCDGSTH,SUITE NOVOTEL CDG PARIS NORD 2,FR,roissy en france,98,217,266.29,0.36801982800705996
RDCDG588,RADISSON BLU PARIS CDG AIRPORT,FR,paris,67,303,1459.15,0.04591714354247335
HSPARBWB,GREEN HOTELS CONFORT,FR,roissy cdg,13,81,320.19,0.04060089321965083
NNPARP12,PREMIERE CLASSE ROISSY-VILLEPINTE EXPO,FR,villepinte,81,82,558.93,0.14491975739359134
NNPARP52,PREMIERE CLASSE VILLEPINTE - PARC EXPO,FR,villepinte,45,145,137.99,0.32611058772374807
ACCDG926,SAINT EXUPERY ROISSY,FR,goussainville,17,126,1230.59,0.013814511738271886
CICDG406,COMFORT HOTEL CDG GOUSSAINVILLE,FR,goussainville,18,318,500.28,0.035979851283281364
ACCDGE35,LE PARC D EDEN-VILLENEUVE SOUS DAMMARTIN,FR,villeneuve sous dammartin,77,395,1063.85,0.0723786248061287
CIPAR416,COMFORT HOTEL VILLEPINTE-SEVRAN,FR,sevran,42,131,593.19,0.07080362109947907
NNPARC67,CAMPANILE LE BOURGET - GONESSE,FR,gonesse,45,386,170.96,0.2632194665418811
RTCDGAUL,NOVOTEL AULNAY SOUS BOIS,FR,aulnay sous bois,18,225,237.49,0.07579266495431386
RTCDGNLY,IBIS AULNAY PARIS NORD EXPO,FR,aulnay sous bois,59,291,273.89,0.21541494760670343
RTCDGSUR,NOVOTEL SURVILLIERS SAINT WITZ,FR,survilliers,54,76,603.09,0.08953887479480674
HSPARCDH,HOTEL B-B ST. WITZ,FR,saint-witz,77,180,107.19,0.7183505924060081
NNCDGWIT,KYRIAD ST WITZ,FR,saint witz,71,201,229.09,0.3099218647693046
NNPARP07,PREMIERE CLASSE PARIS-GONESSE PARC EXPO,FR,gonesse,74,327,1018.79,0.07263518487617664
NNPARK42,KYRIAD GONESSE,FR,gonesse,88,302,1488.95,0.05910205178145673
NNPARP11,PREMIERE CLASSE ROISSY - SAINT WITZ,FR,saint witz,12,109,385.39,0.031137289498949117
FGPARCBM,APPART'CITY LE BLANC-MESNIL,FR,le blanc mesnil,56,289,982.49,0.05699803560341581
NNCDG594,CAMPANILE LE BLANC MESNIL,FR,le blanc mesnil,61,173,1048.19,0.05819555614917143
IWPARMAN,MANOIR DE GRESSY,FR,gressy,90,145,202.65,0.44411547002220575
MEMAD802,SHREYA ANVITY PROPERTY1,ES,madrid,44,66,770.35,0.05711689491789446
MEMAD804,SHREYA ANVITY PROPERTY1,ES,madrid,50,101,1202.49,0.041580387362888674
MEMAD600,SHREYA ANVITY PROPERTY1,ES,madrid,29,297,252.45,0.11487423252129135
MEMAD511,SHREYA ANVITY PROPERTY1,ES,madrid,54,19,845.39,0.06387584428488627
DHMADATY,CASON DEL TORMES,ES,madrid,76,329,1049.15,0.07243959395701281
MEMAD514,SHREYA ANVITY PROPERTY1,ES,madrid,56,54,437.49,0.1280029257811607
MEMAD512,SHREYA ANVITY PROPERTY1,ES,madrid,30,221,802.19,0.03739762400428826
MEMAD801,SHREYA ANVITY PROPERTY1,ES,madrid,71,127,1043.75,0.06802395209580839
UIMADCPH,VINCCI CAPITOL,ES,madrid,34,185,494.95,0.06869380745529852
ONMADATL,HOTEL ATLANTICO,ES,madrid,67,87,1394.69,0.048039349246069014
TYMADTRR,HOTEL REX,ES,madrid,37,241,1358.69,0.027232113285591268
HAMADGEN,HOTEL REGENTE,ES,madrid,81,102,265.69,0.30486657382664006
WTMADTCB,TRYP MADRID CIBELES,ES,madrid,28,365,509.75,0.05492888670917116
HSMADAFV,NEGRESCO,ES,madrid,76,135,1126.09,0.06749016508449592
INMAD23B,HOTEL INDIGO GRAN VIA,ES,madrid,98,355,271.75,0.36062557497700093
UIMADCLI,PETIT PALACE CLIPER,ES,madrid,78,36,485.65,0.160609492432822
BWMAD200,BEST WESTERN  HOTEL LOS CONDES,ES,madrid,93,103,1213.05,0.07666625448250279
UIMADPPI,PETIT PALACE ITALIA GRAN VIA HOTEL,ES,madrid,87,281,250.45,0.34737472549411064
HSMADAOC,BALLESTA HOSTAL,ES,madrid,42,229,219.49,0.1913526812155451
WVMADLAU,ROOM MATE LAURA,ES,madrid,80,246,1170.99,0.0683182606170847
BWMAD119,BEST WESTERN HOTEL CARLOS V,ES,madrid,90,216,1427.95,0.06302741692636296
BWMAD186,BEST WESTERN VILLA DE BARAJAS,ES,madrid,42,212,805.59,0.05213570178378579
UIMADMAR,INTUR PALACIO SAN MARTIN HOTEL,ES,madrid,14,258,500.79,0.027955829788933483
UIMADLIA,LIABENY HOTEL,ES,madrid,30,93,588,0.05102040816326531
WTMADTRG,TRYP MADRID GRAN VIA,ES,madrid,77,159,697.29,0.11042751222590315
UIMADPPC,PETIT PALACE PLAZA DEL CARMEN,ES,madrid,60,176,703.19,0.08532544546992989
HSMADAMH,LUIS XV. HOSTAL,ES,madrid,52,177,1278.78,0.04066375764400444
EPMADMEN,HOTEL MENINAS,ES,madrid,81,190,617.8,0.13111039171252833
CHMADHFR,HOTEL FRANCISCO I,ES,madrid,20,325,207.8,0.09624639076034648
LEMADVIA,SENATOR GRAN VIA 21 HOTEL,ES,madrid,47,267,302.29,0.15547983724238312
UIMAD439,VINCCI VIA 66,ES,madrid,63,288,515.89,0.12211905638798969
DHMADATU,ABALU,ES,madrid,42,330,812.95,0.05166369395411772
OIMADHAB,HOTEL ABALU,ES,madrid,49,164,916.45,0.05346718315238147
HSMADAIR,SONSOLES HOSTAL,ES,madrid,17,249,385.95,0.0440471563674051
YXMADMOD,HOTEL MODERNO PUERTA DEL SOL,ES,madrid,75,320,289.15,0.2593809441466367
UIMADPPP,PETIT PALACE PUERTA DEL SOL,ES,madrid,96,101,1150.15,0.08346737382080598
UIMADPET,PETIT PALACE DUCAL CHUECA HOTEL,ES,madrid,10,17,526.85,0.018980734554427257
LEMADESP,SENATOR GRAN VIA 70 SPA HOTEL,ES,madrid,43,213,320.79,0.13404407868075688
LEMAD294,HOTEL OPERA,ES,madrid,82,220,432.55,0.1895734597156398
KYMADGRA,ESPAHOTEL GRAN VIA 65,ES,madrid,26,327,66.69,0.38986354775828463
UIMAD30A,H10 VILLA DE LA REINA,ES,madrid,43,114,74.7,0.5756358768406961
HAMADS33,SUITES 33,ES,madrid,60,33,999.09,0.06005464973125544
UIMADPPO,PETIT PALACE POSADA DEL PEINE,ES,madrid,63,154,697.09,0.09037570471531653
HSMADAPS,ESMERALDA HOSTAL,ES,madrid,99,319,1199.09,0.08256260997923426
HSMADAIG,SAN LORENZO HOSTAL,ES,madrid,58,106,912.02,0.0635950965987588
HAMADFUE,SIDORME FUENCARRAL,ES,fuenlabrada,11,248,484.05,0.02272492511104225
UIMAD811,PETIT PALACE MAYOR HOTEL,ES,madrid,57,291,360.69,0.15803044165349747
HSMADAJV,EL PASAJE,ES,madrid,16,234,328.8,0.048661800486618
VPMAD3J1,L'HOTEL ETAIT VRAIMENT BON,ES,madrid,96,201,1001.45,0.09586100154775574
HNMAD999,BEST HOTEL BY HOUSE OF TRAVEL,ES,madrid,50,121,476.49,0.10493399651619131
VPMADD8X,STAR HOTELS NCE,ES,madrid,23,395,603.59,0.0381053364038503
VPMADDJU,STAR HOTELS,ES,madrid,52,298,925.49,0.056186452581875546
VPMAD70R,L'HOTEL ETAIT VRAIMENT BON,ES,madrid,63,37,136.99,0.459887583035258
HNMADMTS,HOT MIGRATION,ES,madrid,62,316,740.25,0.08375548801080716
VPABL4IP,WQ23,ES,madrid,52,72,882.69,0.05891082939650386
VPMADSVV,HOTEL EN SPAIN ENDROIT,ES,madrid,28,59,1365.79,0.020500955490961276
OIMAD567,L'HOTEL ETAIT VRAIMENT BON,ES,madrid,36,55,990.79,0.036334642053310995
TASEL000,HOTEL NEW PRINCE,KR,bucheon,73,69,827.59,0.08820792904699186
SISEL569,SHERATON SEOUL D CUBE CITY HTL,RE,seoul,43,37,645.39,0.06662638094795395
JRTYOTSH,THE TOKYO STATION HOTEL,JP,tokyo,70,227,1038.79,0.06738609343563184
SGTYOSLY,SHANGRI LA TOKYO,JP,tokyo,78,70,491.65,0.15864944574392353
JRTYO334,METROPOLITAN MARUNOUCHI HOTEL,JP,tokyo,99,282,683.29,0.1448872367515989
LWTYO824,PALACE HOTEL TOKYO,JP,tokyo,29,171,1416.59,0.020471696115319182
YXTYOPSK,PALACE STUDIO KOJIMACHI,JP,chiyoda-ku,96,258,672.75,0.1426978818283166
CYTYOGZC,COURTYARD TOKYO STN MARRIOTT-CHUOU-KU,JP,chuou-ku,20,235,155.19,0.12887428313680005
FGTYO001,HOTEL MONTEREY LA SOEUR GINZA,JP,tokyo,67,258,345.14,0.19412412354406908
MOTYOMOR,MANDARIN ORIENTAL TOKYO,JP,tokyo,58,374,1445.75,0.040117586028013144
FGTYOGNZ,HOTEL MONTEREY GINZA,JP,tokyo,92,398,560.13,0.1642475853819649
HSTYOAEI,REMM HIBIYA,JP,tokyo,31,39,100.49,0.30848840680664746
LWTYO822,IMPERIAL HOTEL TOKYO,JP,tokyo,68,104,1478.29,0.04599909354727422
FGTYOGIN,HOTEL GRACERY GINZA,JP,tokyo,40,218,856.49,0.04670223820476596
CYTYOCYC,COURTYARD TOKYO GINZA MARRIOTT,JP,tokyo,95,103,1012.05,0.09386887999604764
CITYO056,COMFORT HOTEL TOKYO KANDA,JP,tokyo,33,343,1409.99,0.02340442130795254
UZTYO738,RYUMEIKAN HONTEN,JP,tokyo,11,289,368.15,0.02987912535651229
UITYO519,REMM AKIHABARA,JP,tokyo,91,337,237.59,0.38301275306199756
FGTYOAKI,AKIHABARA WASHINGTON HOTEL,JP,tokyo,54,123,648.6,0.08325624421831637
CITYO061,COMFORT HOTEL TOKYO HIGASHI NIHOMBASHI,JP,tokyo,57,212,1047.89,0.054395022378303064
DSTYO001,PARK HOTEL TOKYO,JP,tokyo,28,374,1308.89,0.02139217199306282
FGTYOMHH,MONTEREY HANZOMON HOTEL,JP,tokyo,35,40,897.65,0.03899069793349301
WVTYONIW,HOTEL NIWA TOKYO,JP,tokyo,28,81,1472.15,0.019019800971368406
UITYOSAT,SHINBASHI ATAGOYAMA TOKYU INN,JP,tokyo,95,357,648.19,0.14656196485598358
UITYOAKA,AKASAKA EXCEL HOTEL TOKYU,JP,tokyo,53,28,564.5,0.09388839681133747
OCTYO001,OKURA TOKYO THE MAIN,JP,tokyo,69,170,869.17,0.07938608097380259
JRTYOEMT,METROPOLITAN EDMONT,JP,tokyo,99,247,1383.05,0.07158092621380283
ICTYOICC,INTERCONTINENTAL ANA TOKYO,JP,tokyo,70,70,153.59,0.455758838466046
UITYOTDH,TOKYO DOME HOTEL,JP,tokyo,21,237,693.65,0.03027463418150364
IMTYOHSA,HOTEL SUNROUTE AKASAKA,JP,tokyo,40,118,531.9,0.07520210565895845
YHHND850,HOTEL AVANSHELL AKASAKA,JP,tokyo,41,97,144.45,0.2838352371062652
UZTYOSPA,SHIBA PARK HOTEL,JP,tokyo,74,212,684.24,0.10814918741961885
BCTYONOH,NEW OTANI TOKYO THE MAIN,JP,tokyo,57,80,433.05,0.1316245237270523
FGTYOAZU,HOTEL AZUR TAKESHIBA,JP,tokyo,48,249,411.09,0.11676275268189448
UITYOTOP,TOKYO PRINCE HOTEL,JP,tokyo,46,321,656.85,0.07003120956078251
CITYO029,COMFORT HOTEL TOKYO KIYOSUMI-SHIRAKAWA,JP,tokyo,93,13,603.69,0.15405257665358046
GZICN128,INCHEON AIRPORT OCEANSIDE HOTEL,KR,incheon,40,247,1200.35,0.03332361394593244
TAJCNPAR,HOTEL PARKWOOD INCHEON AIRPORT,KR,incheon,55,267,475.82,0.11558992896473456
TAICN009,INCHEON PRINCE HOTEL,KR,incheon city,30,222,581.59,0.05158273010196186
TAICN011,INCHEON AIRTEL,KR,incheon,77,361,1461.01,0.05270326691809091
ONJCNSEV,SEVILLA INCHEON AIRPORT HOTEL,KR,incheon,33,92,1199.8,0.02750458409734956
TAICN001,INCHEON AIRPORT HOTEL JUNE,KR,incheon,25,364,89.79,0.27842744180866463
FSDPS739,FOUR SEASONS BALI AT JIMBARAN BAY,ID,denpasar bali,10,380,1164.79,0.008585238540852858
CHDPSTSH,TAMAN SUCI HOTEL,ID,denpasar,70,156,810.15,0.08640375239153243
CHDPSTSV,TAMAN SUCI SUITE AND VILLAS,ID,denpasar,11,91,463.5,0.023732470334412083
WKDPS629,WARWICK IBAH LUXURY VILLAS,ID,denpasar bali,59,85,336.49,0.17533953460726914
RTDPSALS,IBIS STYLES BALI DENPASAR,ID,denpasar,65,325,1171.69,0.055475424386996555
VEDPS012,DIWANGKARA HOLIDAY VILLA BEACH RESORT AN,ID,denpasar bali,41,392,1238.69,0.033099484132430225
HSDPSAGM,ELLORA VILLAS,ID,sanur,57,56,378.05,0.15077370718158972
YXDPSBWJ,SWISS-BELRESORT WATU JIMBAR,ID,bali,77,396,967.29,0.07960384166072222
GZDPSUSK,UPPALA SUITE KEROBOKAN,ID,bali,42,186,1332.39,0.03152230202868529
WVDPS077,THE GANGSA PRIVATE VILLA,ID,sanur,20,77,978.29,0.020443835672448864
HSDPSAJR,BALI SWISS VILLA,ID,bali,60,270,858.35,0.06990155530960564
HSDPSABR,COCOS VILLA,ID,bali,43,300,1322.39,0.03251688231157222
DHDPSAYZ,L HOTEL SEMINYAK,ID,seminyak - bali,29,162,1400.2,0.020711326953292385
LXDPSLHR,L HOTEL SEMINYAK BALI,ID,bali,51,96,151.49,0.3366558848768895
WVDPS333,C151 LUXURY SMART VILLAS RESORT,ID,seminyak,13,195,242.96,0.053506750082318075
BWDPS039,BW PREMIER SUNSET ROAD KUTA,ID,bali,13,345,524.43,0.024788818336098244
GZDPSSUD,SUDAMALA SUITES AND VILLAS,ID,bali,48,178,228.9,0.20969855832241152
YXKDISWI,SWISS-BELHOTEL KENDARI,ID,kendari,14,103,319.78,0.04378009881793733
WVDPS167,ASTON KUTA HOTEL AND RESIDENCE,ID,denpasar,34,202,676.79,0.050237148894043945
GZDPSVSE,VILLA SEMINYAK ESTATE AND SPA,ID,bali,13,116,1460.19,0.008902950985830611
RTDPSRAD,MERCURE RESORT SANUR,ID,sanur,44,22,753.29,0.05841043953855753
HSDPSAKW,HELICONIA VILLA,ID,bali,20,96,783.35,0.02553137167294313
FGDPSUMA,UMALAS HOTEL SEMINYAK-KUTA BALI,ID,seminyak,41,256,250.91,0.16340520505360487
DSDPSDMV,DELMANGO VILLA ESTATE,ID,seminyak,92,158,449.05,0.20487696247633894
YXDPSSBR,SWISS-BELHOTEL RAINFOREST,ID,bali,20,392,335.65,0.05958587814687919
GZDPSWLV,WHITE LOTUS VILLAS BALI,ID,bali,35,110,912.54,0.03835448309115217
EPDPSTHE,THE SPOT LEGIAN,ID,bali,99,47,1290.99,0.07668533451072433
HSDPSADU,SERI VILLAS SEMINYAK,ID,bali,25,54,1454.39,0.017189337110403675
RTDPSBKU,IBIS STYLES BALI KUTA LEGIAN,ID,bali,85,329,724.78,0.11727696680371975
GZDPSSES,THE SEMINYAK SUITE PRIVATE VILLA,ID,bali,50,303,618.59,0.08082898203980018
CYDPSSMC,COURTYARD SEMINYAK MARRIOTT,ID,seminyak,99,80,1437.39,0.06887483563959676
HSDPSADI,DANOYA VILLA,ID,bali,29,253,842.69,0.03441360405368522
HSDPSABX,THE VILLAS AMASYA,ID,bali,40,240,947.45,0.042218586732809114
HSDPSAEF,PURI CENDANA RESORT,ID,bali,54,70,1416.06,0.03813397737384009
HSDPSAIC,MAYALOKA VILLAS,ID,bali,87,187,336.95,0.2581985457783054
HSDPSABH,DE UMA LOKHA LUXURY VILLA - SPA,ID,kerobokan,56,239,743.65,0.07530424258723863
HSDPSAML,THE KAYANA VILLA,ID,kuta,39,312,680.09,0.05734535135055654
RTDPSSOF,THE ROYAL BEACH SEMINYAK BALI,ID,denpasar,79,394,262.15,0.30135418653442686
DSDPS887,THE ELYSIAN,ID,bali,78,253,1034.05,0.07543155553406508
HSDPSAFM,KEMBALI BALI,ID,bali,73,58,1448.55,0.05039522280901591
HSDPSAGA,MELASTI BEACH RESORT - SPA,ID,bali,51,377,723.5,0.07049067035245335
RTDPSKUT,MERCURE BALI LEGIAN,ID,bali,63,52,1078.89,0.05839334871951728
WVDPS277,PARK REGIS KUTA BALI,ID,denpasar,90,262,1001.05,0.08990559912092304
DSDPSLPH,LUNA2 PRIVATE HOTEL,ID,bali,54,86,222.19,0.24303524010981592
DSDPSLUN,LUNA2 STUDIOTEL,ID,bali,22,204,245.99,0.08943452985893735
GADPS026,"ANANTARA SEMINYAK,BALI",ID,seminyak,44,321,1398.65,0.031458906802988594
YXDPS383,PADMA RESORT BALI AT LEGIAN,ID,bali,76,168,194.8,0.3901437371663244
XTDPSSBR,THE SEMINYAK BEACH RESORT & SPA,ID,bali,86,249,1102.25,0.07802222726241778
YHDPSRRK,HARRIS HTL RES RIVERVIEW KUTA,ID,kuta,86,64,901.55,0.09539127058954024
FGDPS393,BALI KUTA RESORT BY SWISS-BELHOTEL,ID,bali,38,204,1242.19,0.030591133401492523
HSDPSAEC,ROSANI,ID,bali,13,210,1145.29,0.011350836905936489
WHDPS221,W RETREAT AND SPA BALI,ID,denpasar,51,346,399.89,0.12753507214483983
HSDPSAEJ,PURI TANAH LOT,ID,bali,68,343,1496.19,0.04544877321730529
RTDPSIBS,IBIS STYLES BALI KUTA CIRCLE,ID,bali,45,273,115.9,0.3882657463330457
HSDPSAGQ,RESTU BALI HOTEL,ID,kuta,94,249,741.95,0.1266931733944336
SCDPS037,LEGIAN GUEST HOUSE-BADUNG,ID,badung,10,264,1442.49,0.0069324570707595895
YXDPS004,LEGIAN BEACH HOTEL,ID,denpasar bali,55,334,292.49,0.188040616773223
HSDPSAEV,DEWI SRI,ID,bali,57,159,293.35,0.19430714163967955
BWDPS035,BEST WESTERN KUTA BEACH,ID,bali,53,142,917.49,0.057766297180350736
GTRAKSOL,GOLDEN TULIP FARAH MARRAKECH,MA,marrakech,60,130,727.69,0.08245269276752462
LXRAK229,LA SULTANA MARRAKECH,MA,marrakech,42,303,430.39,0.09758591045330979
MDRAKMER,LE MERIDIEN N FIS,MA,marrakech,84,360,670.45,0.12528898501006785
HSRAKAEJ,JET ELDO PALMERAIE,MA,marrakech,42,165,266.05,0.15786506295809058
WBRAKA01,LA VILLA DES ORANGERS,MA,marrakech,60,44,1259.55,0.04763606049779683
HSRAKAAI,RIAD COCOON MARRAKECH MEDINA,MA,marrakech,82,209,386.29,0.212275751378498
FGRAK014,NAOURA LUCIEN BARRIERE,MA,marrakech,50,181,223.95,0.22326412145568209
YXRAK200,LA MAISON ARABE,MA,marrakech,24,286,1486.99,0.016139987491509696
HSRAKAHY,RIAD ASNA,MA,marrakech,66,229,316.5,0.20853080568720378
WVRAK019,HIVERNAGE HOTEL AND SPA,MA,marrakech,90,24,1162.39,0.07742668123435335
RTRAKSUI,SUITE NOVOTEL MARRAKECH,MA,marrakech,61,100,328.95,0.18543851649186807
LXRAKKAK,KASBAH AGAFAY HOTEL AND SPA,MA,marrakech,63,64,1160.99,0.05426403328194041
BYRAKANN,ANGSANA RIAD COLLECTION,MA,marrakech,13,140,1205.75,0.01078167115902965
ONRAK100,L MANSION GUEST PALACE,MA,marrakech,77,201,672.99,0.11441477585105277
LWRAK333,LA MAMOUNIA,MA,marrakech,91,375,844.8,0.10771780303030304
HSRAKAGN,RIADS PRIVILEGE,MA,marrakech,32,309,1368.6,0.02338155779628818
WBRAKA02,KSAR CHAR BAGH,MA,marrakech,67,82,732.8,0.09143013100436682
TARAK080,RIAD ALIDA,MA,marrakech,83,76,1103.59,0.07520909033246043
SBRAKSOF,SOFITEL RAK LOUNGE AND SPA,MA,marrakech,60,205,1244,0.04823151125401929
SBRAKPAL,SOFITEL RAK PALAIS IMPERIAL,MA,marrakech,91,215,1337.35,0.06804501439413767
HARAKSEB,RIAD PALAIS SEBBAN HOTEL,MA,marrakech,97,169,387.99,0.25000644346503775
OIRAK098,RIAD DAR JUSTO,MA,marrakech,76,258,1254.49,0.06058238806208101
WVRAK001,SELMAN MARRAKECH,MA,marrakech,72,152,161.75,0.44513137557959814
DHRAKAKD,TICHKA SALAM,MA,marrakech,66,208,86.69,0.7613334871380782
HSRAKAAP,RIAD VIVA,MA,marrakech,57,158,903.05,0.06311942860306738
KYRAKDEL,DELLAROSA SUITES AND SPA,MA,marrakech,92,369,1070.79,0.08591787371940343
TYRAKASN,ATLAS ASNI,MA,marrakech,52,116,1242.3,0.04185784432101747
FGRAKAND,HOTEL EL ANDALOUS MARRAKECH,MA,marrakech,33,260,393.89,0.08377973545913835
HSRAKAGG,RIAD O2 - MARRAKECH,MA,marrakech,54,323,678.39,0.07960022995621988
HSRAKABT,RIAD NOMADES,MA,marrakech,48,398,689.99,0.06956622559747243
EURAKDAR,EXCLUSIVE HOTEL DAR RHIZLANE,MA,marrakech,67,321,1489.49,0.044981839421546974
HARAKMAD,HOTEL RIAD MADANI,MA,marrakech,23,364,945.35,0.024329613370709262
HSRAKAII,RIAD ETOILE D'ORIENT,MA,marrakech,83,181,672.4,0.12343842950624628
TARAK040,RIAD BLEU DU SUD,MA,marrakech,54,212,967,0.055842812823164424
YXRAKFAR,FARNATCHI RIAD,MA,marrakech,84,33,657.29,0.12779747143574374
YXRAK797,RIYAD EL CADI,MA,marrakech,89,235,1314.25,0.067719231500856
HSRAKAHZ,RIAD LA PERLE DE MARRAKECH,MA,marrakech,97,28,493.7,0.19647559246505975
HSRAKABD,MANSOUR EDDAHBI PALAIS DES CONGRES,MA,marrakech,50,40,232.49,0.21506301346294462
HSRAKACB,PALAIS RIAD BERBERE BIO HOTEL - SPA,MA,marrakech,71,108,1001.69,0.07088021244097475
HSRAKACT,RIAD AMIRA VICTORIA,MA,marrakech,46,28,776.89,0.05921044163266357
HSRAKAHS,ACACIA VILLAS AND RIAD MARRAKECH,MA,marrakech,40,374,126.39,0.31648073423530343
KYRAKMER,MERIEM,MA,marrakech,47,379,973.9,0.04825957490502105
HSRAKAHU,RIAD 58 BLU,MA,marrakech,83,351,1302.59,0.06371920558272365
DSRAKAYL,ANAYELA,MA,marrakech,89,203,231.79,0.38396824712023814
YXRAKSTH,SWISS INTERNATIONAL HOLIDAY,MA,marrakech,79,80,1444.65,0.05468452566365555
ONRAKAGD,AGDAL HOTEL,MA,marrakech,33,161,1460.99,0.022587423596328517
HARAKOIS,RIAD OISEAU DU PARADIS,MA,marrakech,71,303,1214.49,0.05846075307330649
HARAKKAB,AL KABIR,MA,marrakech,53,231,1293.25,0.04098202203750242
HARAKKAR,HOTEL RIAD KARMELA,MA,marrakesh,53,68,654.59,0.0809667119876564
RTRAKIBI,IBIS MARRAKECH CENTRE GARE,MA,marrakech,99,291,1089.89,0.0908348548936131
HSRAKABR,SIDI AYOUB,MA,marrakech,69,333,1131.25,0.06099447513812155
ONRAKRIL,RIAD LES OLIVIERS,MA,marrakech,87,238,546.9,0.15907844212835986
TARAK083,RIAD LA MAISON ROUGE,MA,marrakech,13,86,472.55,0.027510316368638238
HSRAKAHP,RIAD DUBAI,MA,marrakech,29,370,734.6,0.03947726653961339
TARAK065,RIAD NERJA HOTEL,MA,marrakech,39,74,559.45,0.06971132362141388
HSRAKAIP,RIAD YASMINE,MA,marrakech,52,230,988.45,0.052607617987758606
WVRAK656,KENZI CLUB AGDAL MEDINA,MA,marrakesh,57,185,834.77,0.06828228134695785
FGRAK043,ALBATROS GARDEN,MA,marakesh,54,240,764.09,0.07067230300095538
TARAK045,ATLAS GOLF RESORT,MA,marrakech,83,235,1335.1,0.06216762789304173
YXRAKIMP,SWISS INTERNATIONAL IMP PLAZA,MA,marrakech,98,141,1443.92,0.06787079616599258
YXRAKPRM,ROYAL PALM MARRAKECH,MA,marrakech,46,110,1305.59,0.03523311299872089
TARAK111,RIAD AFRICA,MA,marrakech,83,175,1173.99,0.070699068986959
WVRAKAHA,CRYSTAL HOTEL,MA,marrakech,92,273,152.99,0.6013464932348519
TYRAKATL,ATLAS MEDINA AND SPA,MA,marrakech,39,389,515.35,0.0756767245561269
ACREK903,ODINSVE HOTEL,IS,reykjavik,65,292,1295.55,0.05017174173131103
ACRAKC05,CESAR RESORT & SPA,MA,marrakech,73,96,1449.99,0.050345174794308924
ACRHE350,BLUE HOTEL REIMS,FR,saint brice courcelles,83,27,1340.69,0.06190842029104416
DHRAKAKE,GOLDEN TULIP RAWABI,MA,marrakech,83,157,1320,0.06287878787878788
GTRAKRAW,GOLDEN TULIP RAWABI - MARRAKECH,MA,marrakech,33,238,1428.75,0.023097112860892388
XLRAKKMP,KENZI MENARA PALACE SUMMIT HOT,MA,marrakech,14,320,478.15,0.029279514796611943
HSRAKADZ,DAR OULADNA,MA,marrakech,28,88,1403.94,0.019943872245252646
LWRAK018,PALAIS NAMASKAR,MA,marrakech,72,44,1180.55,0.06098852229892847
IWRAKDRS,DOMAINE DES REMPARTS HOTEL SPA - MARRAKE,MA,marrakech,12,219,604.15,0.019862616899776548
YXRAKSMR,SANSSOUCI MARRAKECH RIADS,MA,marrakech,10,366,234.65,0.04261666311527807
HSRAKAHE,MARRAKECH GARDEN RESIDENCE HOTELIERE 1ER,MA,marrakech,38,393,496.25,0.0765743073047859
HARAKHAM,RIAD HAMDANE ET SPA,MA,medina marrakech,10,70,143.69,0.06959426543252836
HSRAKAAJ,ALMAS,MA,marrakech,84,98,372.15,0.22571543732365984
HSRAKAFR,KASBAH DAR ILHAM,MA,marrakech,49,204,663.89,0.0738074078537107
XLRAKPGH,PALMERAIE PALACE,MA,marrakech,10,76,1440.29,0.006943046192086316
HSRAKAEY,ADAMA RESORT,MA,marrakech,30,377,1206.29,0.024869641628464136
WVRAK780,HOTEL EDEN ANDALOU 5 STAR AQUAPARK,MA,marrakech,72,166,578.29,0.12450500613878851
WVBNE578,ESSENCE APARTMENTS CHERMSIDE,AU,chermside,15,193,1367.89,0.01096579403314594
WVBNE789,THE CHERMSIDE APARTMENTS,AU,chermside,98,372,645.89,0.1517286225208627
YXBNEAST,TO BE DELETED ASTRA ADMIRALTY,AU,brisbane,66,205,501.55,0.1315920645997408
LMBNE164,BRISBANE INTL VIRGINIA,AU,boondall,53,75,699.5,0.07576840600428877
QGBNE328,QUEST CHERMSIDE SERVICED APTS,AU,chermside,98,134,960.49,0.1020312548803215
CIBNE241,COMFORT INN AND SUITES NORTHGATE AIRPORT,AU,northgate,95,207,1011.85,0.09388743390818798
OHBNE825,OAKS MEWS,AU,bowen hills,31,21,541.95,0.057200848786788445
QGBNE924,QUEST BREAKFAST CREEK SERVICED APARTMENT,AU,albion,61,137,1445.55,0.04219847117014285
LMBNE576,BRISBANE RIVERVIEW HOTEL,AU,hamilton,14,73,1256.75,0.011139844837875473
WVBNE248,METROPOLITAN MOTOR INN,AU,brisbane,83,193,917.21,0.09049181757721786
BWBNE241,BW PLUS GREGORY TERRACE,AU,brisbane,12,96,1379.15,0.008701011492586012
EPBNELIH,LIMES HOTEL,AU,brisbane,54,266,779.69,0.06925829496338287
LMBNE725,KINGSFORD SMITH MOTEL,AU,brisbane,79,215,1299.45,0.06079495171033899
WVBNE408,ALPHA MOSAIC HOTEL BRISBANE,AU,fortitude valley,51,295,894.65,0.05700553288995697
WVBNEWAT,WATERMARK HOTEL BRISBANE,AU,brisbane,71,136,469.19,0.15132462328694132
QGBNE317,QUEST ASCOT SERVICED APTS,AU,ascot,33,327,1089,0.030303030303030304
WVBNE476,SUMMIT APARTMENTS,AU,brisbane,87,80,881.39,0.09870772302839832
WVBNE018,M AND A APARTMENTS,AU,brisbane,77,26,487.54,0.15793575911720065
WVBNE031,GAMBARO HOTEL,AU,brisbane,91,345,970.39,0.09377672894403281
WVBNE311,OXYGEN APARTMENTS,AU,brisbane,67,241,403.45,0.16606766637749412
RTBNEAPT,NOVOTEL BRISBANE AIRPORT,AU,brisbane,98,225,528.87,0.18530073553047063
CIBNE224,COMFORT INN AIRPORT ADMIRALTY,AU,hamilton,53,340,452.55,0.11711413103524472
IQBNETOW,HOTEL URBAN BRISBANE,AU,brisbane,67,81,94.39,0.7098209556097044
WVBNE965,PUNTHILL BRISBANE,AU,springhill,21,110,1161.29,0.01808333835648288
QIBNE235,QUALITY HOTEL APT INTERNATIONAL,AU,hamilton,72,120,1178.05,0.06111794915326175
BWBNE402,BEST WESTERN AIRPORT 85 MOTEL,AU,brisbane,84,174,418.79,0.20057785524964777
QGBNE660,QUEST SPRING HILL SERVICED APTS,AU,spring hill,15,191,131.19,0.1143379830779785
BWBNE166,BEST WESTERN AIRPORT HACIENDA,AU,brisbane,92,62,1205.65,0.07630738605731348
WVBNE511,ASTOR SERVICED APARTMENTS,AU,brisbane,100,37,550.99,0.18149149712335977
GZBNEQOA,QUATTRO ON ASTOR,AU,brisbane,90,39,729.69,0.12334004851375241
YXBNEBRA,REPUBLIC APARTMENTS,AU,brisbane,39,17,434.58,0.0897418196879746
RTBNENOV,NOVOTEL BRISBANE,AU,brisbane,73,102,783.19,0.09320854454219282
WVBNE333,THE MIRO APARTMENTS,AU,fortitude valley,79,61,1390.09,0.05683085267860355
BWBNE320,BEST WESTERN ASTOR METROPOLE BRISBANE,AU,brisbane,18,346,851.67,0.02113494663425975
SGBNECAE,HOTEL JEN BRISBANE,AU,brisbane,29,170,368.29,0.07874229547367563
YXBNEMET,METRO HOTEL TOWER MILL,AU,brisbane,61,361,1303.29,0.046804625217718235
YXBNEMSA,MERITON ADELAIDE STREET,AU,brisbane,22,350,808.35,0.02721593369208882
RTBNEMGA,INCHCOLM HOTEL BRISBANE,AU,brisbane,78,70,158.4,0.49242424242424243
GZBNESOF,ASTRA RIVER PLACE,AU,brisbane,29,125,634.29,0.04572041179901938
TDBNE412,ADINA BRISBANE,AU,brisbane,40,132,194.65,0.20549704597996404
WVBNE282,PARK REGIS NORTH QUAY,AU,brisbane,25,107,325.25,0.07686395080707148
MCBNEDTM,BRISBANE MARRIOTT HOTEL,AU,brisbane qld,47,111,868.35,0.054125640582714345
OHBNELEX,OAKS LEXICON APARTMENT HOTEL,AU,brisbane,16,354,916.59,0.017456005411361677
SBBNESOF,SOFITEL BRISBANE CENTRAL,AU,brisbane,18,85,88.95,0.20236087689713322
YXBNEMHS,MERITON HERSCHEL STREET,AU,brisbane,18,30,418.39,0.04302206075671025
OHBNE287,OAKS AURORA,AU,brisbane,92,296,645.99,0.14241706527964829
RTBNEMRC,MERCURE BRISBANE KING GEORGE,AU,brisbane,36,400,1188.49,0.030290536731482805
QIBNE232,QUALITY INN APT HERITAGE,AU,hamilton,81,281,949.25,0.08533052409797208
WVBNE110,CENTRAL COSMO,AU,brisbane,35,330,1119.19,0.03127261680322376
WVBNE661,MACARTHUR CHAMBERS,AU,brisbane,15,240,1317.39,0.011386149887277115
SDBNE022,NEXT HOTEL BRISBANE,AU,brisbane,14,189,399.39,0.03505345652119482
HLBNE216,HILTON BRISBANE,AU,brisbane,47,329,1294.25,0.036314467838516516
LMBNE031,ROYAL ALBERT HOTEL,AU,brisbane,72,369,446.5,0.1612541993281075
YXBNECPT,THE CAPITOL APARTMENTS,AU,brisbane,65,138,759.15,0.08562207732332214
OHBNE085,OAKS CHARLOTTE TOWERS,AU,brisbane,53,209,247.89,0.21380451006494816
RTBNESEB,THE SEBEL SUITES BRISBANE,AU,brisbane,70,128,449.89,0.1555935895441108
WWBNE579,TREASURY HOTEL AND CASINO,AU,brisbane,21,325,762.89,0.027526904271913382
OHBNE335,OAKS CASINO TOWERS,AU,brisbane,62,373,279.49,0.22183262370746717
QGBNE520,QUEST RIVER PARK,AU,brisbane,73,91,409.55,0.17824441460139176
QGBNE179,QUEST ON STORY BRIDGE SERVICED APTS,AU,kangaroo point,90,337,429.19,0.20969733684382208
WVBNE114,BRIDGEWATER APARTMENTS,AU,kangaroo point,82,105,369.55,0.2218914896495738
OHBNE482,ISTAY RIVER CITY,AU,brisbane,91,276,432.09,0.2106042722580944
OHBNE394,OAKS 212 MARGARET,AU,brisbane,69,392,601.25,0.11476091476091477
WVBNEDOG,THE DOCKS ON GOODWIN,AU,brisbane,45,32,507.89,0.08860186260804505
AABNETOA,THE OASIS APARTMENTS,AU,brisbane,81,176,1300.89,0.062265064686483865
WVBNEWES,WEST END CENTRAL,AU,brisbane,13,187,1115.79,0.01165093790050099
RTBNESUI,QUAY WEST SUITES BRISBANE,AU,brisbane,40,67,1443.55,0.02770946624640643
WVBNEDOC,CENTRAL DOCKSIDE,AU,brisbane,77,173,1018.19,0.07562439230399041
YXBNESCA,SOUTH CENTRAL APARTMENTS,AU,south brisbane,64,157,1136.89,0.056293924654100214
RHJNBSTI,STILLPOINT COUNTRY MANOR,ZA,johannesburg,33,160,1134.19,0.029095654167291193
VPAMS019,CHATEAU DE BRINDOS,NL,amsterdam,89,20,1376.2,0.06467083272780119
VPAMS049,LES TRESOMS LAKE & SPA RESORT,NL,amsterdam,81,185,807.29,0.10033569101562016
BWAMS718,BEST WESTERN DAM SQUARE INN,NL,amsterdam,73,345,1036.99,0.0703960501065584
HSAMSADP,CITADEL HOTEL,NL,amsterdam,57,221,1060.39,0.053753807561368924
ONAMSYAM,CITY ILAND APARTMENT AMSTERDAM,NL,amsterdam,28,198,961.68,0.029115714166874637
CHAMSDAM,SHORT STAY GROUP DAM SQUARE APARTMENTS,NL,amsterdam,78,171,883.6,0.0882752376641014
YXAMSDHO,DIANN HOTEL,NL,amsterdam,66,396,1252.75,0.05268409499101975
YXAMSH14,HOTEL DE GERSTEKORREL,NL,amsterdam,46,363,315.39,0.14585116839468595
YXAMSHDI,HOTEL DAMRAK INN,NL,amsterdam,50,238,1364.39,0.03664641341551902
YXAMSCTX,WESTCORD CITY CENTRE HTL A DAM,NL,amsterdam,18,113,558.35,0.03223784364645831
YXAMSVNC,HOTEL V NESPLEIN CITY CENTRE,NL,amsterdam,38,394,1493.89,0.025436946495391227
DHAMSAKB,ROKIN,NL,amsterdam,60,264,294.95,0.20342430920495
YXAMSTHE,HOTEL THE EXCHANGE,NL,amsterdam,10,351,866.15,0.011545344339894938
HSAMSAEJ,HOTEL AVENUE,NL,amsterdam,97,107,1440.39,0.0673428724164983
LXAMSCHO,CANAL HOUSE,NL,amsterdam,43,40,640.3,0.06715602061533657
ACAMS557,DELTA,NL,amsterdam,64,254,1343.56,0.04763464229360803
GTAMSTER,TULIP INN AMSTERDAM CENTRE,NL,amsterdam,29,386,571.29,0.05076230986014109
SBAMSDEM,SOFITEL AMSTERDAM THE GRAND,NL,amsterdam,60,171,608.79,0.09855615236781157
ONAMSSIN,SINGEL HOTEL,NL,amsterdam,78,145,1001.89,0.07785285809819441
DHAMSAKC,SINGEL,NL,amsterdam,51,296,499.29,0.10214504596527069
BRAMSRDB,RENAISSANCE AMSTERDAM HOTEL,NL,amsterdam,25,184,300.49,0.08319744417451495
CPAMSCAB,CROWNE PLAZA CITY CENTRE,NL,amsterdam,83,31,1166.45,0.0711560718419135
YXAMS302,AMBASSADE HOTEL,NL,amsterdam,68,184,1183.99,0.05743291750774922
YXAMSVIH,VIJAYA HOTEL,NL,amsterdam,86,207,1411.29,0.06093715678563584
PKAMS512,PARK PLAZA VICTORIA AMSTERDAM,NL,amsterdam,98,166,899.55,0.10894336056917348
RTAMSCST,IBIS STYLES AMSTERDAM CS,NL,amsterdam,76,145,270.03,0.28145020923601083
HSAMSAJM,A - TRAIN HOTEL,NL,amsterdam,86,315,716.49,0.1200295886893048
TSAMSQAH,QUENTIN ARRIVE HOTEL,NL,amsterdam,48,327,597.25,0.08036835496023441
HSAMSANB,AGORA,NL,amsterdam,83,109,1447.35,0.05734618440598335
CHAMSJOR,SHORT STAY GROUP JORDAAN NINESTREET APRT,NL,amsterdam,100,52,606.29,0.16493757112932755
YXAMSNES,NES HOTEL,NL,amsterdamn,32,21,550.59,0.058119471839299656
CHAMSJON,SHORT STAY JORDAAN APARTMENTS,NL,amsterdam,89,275,450.69,0.19747498280414474
CHAMSSIN,SHORT STAY GROUP GRAND SINGEL APARTMENT,NL,amsterdam,19,152,1345.39,0.014122299110295155
YXAMSART,ART HOTEL DULAC,NL,amsterdam,12,331,1050.69,0.011421066156525711
HSAMSALL,B-B LA FESTA,NL,amsterdam,100,34,1304.05,0.07668417622023696
CHAMSREM,SHORT STAY GROUP REMBRANDTPLEIN APART,NL,amsterdam,93,300,56.85,1.6358839050131926
ERAMSEHA,EDEN HOTEL HAMPSHIRE EDEN,NL,amsterdam,77,198,583.65,0.13192838173562924
YHAMSATL,ATLANTA HOTEL,NL,amsterdam,100,383,910.79,0.10979479353089076
ONAMSROY,HOTEL ROYAL,NL,amsterdam,22,339,1327.69,0.01657013308829621
ONAMSCIH,CITY HOTEL,NL,amsterdam,72,213,246.65,0.2919116156497061
YXAMS717,BOUTIQUE HOTEL SEVEN ONE SEVEN,NL,amsterdam,99,258,614.89,0.16100440729236123
WAAMS182,WALDORF ASTORIA AMSTERDAM,NL,amsterdam,26,170,181.03,0.14362260398828924
CHAMSROZ,SHORT STAY GROUP ROZENGRACHT APARTMENTS,NL,amsterdam,31,355,175.61,0.17652753260064916
ONAMSLEI,LEIDSEPLEIN HOTEL,NL,amsterdam,66,99,730.05,0.09040476679679474
HSAMSANG,MOZART,NL,amsterdam,100,145,239.9,0.4168403501458941
ONAMSARM,ARMADA CANALVIEW HOTEL AMSTERDAM,NL,amsterdam,70,278,860.99,0.08130175727941091
HAAMSMAR,BUDGET HOTEL MARNIX,NL,amsterdam,13,133,186.45,0.06972378653794584
WVAMS093,ROOM MATE AITANA,NL,amsterdam,70,392,1309.95,0.05343715408985075
ONAMSBVA,BOUTIQUE HOTEL VIEW AMSTERDAM,NL,amsterdam,83,314,479.09,0.17324511052203137
CHAMSLEI,SHORT STAY GROUP LEIDSEPLEIN MUSEUM APTS,NL,amsterdam,51,387,636.35,0.080144574526597
YXAMSHOU,NO 377 HOUSE AMSTERDAM,NL,amsterdam,81,388,607.79,0.1332697148686224
YXAMSDAM,D AMSTERDAM HOTEL,NL,amsterdam,73,344,583.48,0.12511140056214437
TSAMSQAM,QUENTIN AMSTERDAM HOTEL,NL,amsterdam,70,148,819.59,0.08540855793750533
ERAMS90E,AMSTERDAM AMERICAN H HAMPSHIRE,NL,amsterdam,61,193,963.55,0.06330756058325983
ONAMSHER,HERMITAGE HOTEL AMSTERDAM CITY CENTRE,NL,amsterdam,13,111,59.1,0.21996615905245345
HLAMS350,DOUBLETREE AMSTERDAM CENTRAAL,NL,amsterdam,86,123,579.31,0.14845246931694603
CHAMSPRI,SHORT STAY GROUP PRINCE CANAL HOUSE VIP,NL,amsterdam,64,346,1271.69,0.050326730571129755
YXAMSNLL,NL HTL LEIDSESQUARE,NL,amsterdam,32,184,365.29,0.08760163158038818
CHAMSCEN,SHORT STAY GROUP CENTRAL VIP APARTMENTS,NL,amsterdam,86,388,1456.45,0.059047684438188745
ONAMSITC,ITC HOTEL AMSTERDAM,NL,amsterdam,12,53,997.19,0.01203381502020678
MCAMSAMS,AMSTERDAM MARRIOTT HOTEL,NL,amsterdam,72,336,804.89,0.08945321720980506
BWAMS708,BEST WESTERN APOLLO MUSEUMHTL,NL,amsterdam,78,326,465.75,0.16747181964573268
YXAMSIRO,IRON HORSE HOTEL AMSTERDAM,NL,amsterdam,50,358,1402.78,0.03564350789147265
YXAMSTBH,THE BRIDGE HOTEL,NL,amsterdam,48,97,533.39,0.08999043851590768
ONAMSCOZ,HOTEL CORNELISZ,NL,amsterdam,61,119,1101.79,0.055364452391109015
HAAMSPRI,HOTEL PRINSEN,NL,amsterdam,35,80,420.49,0.08323622440486099
HSAMSAMV,VOSSIUS VONDELPARK,NL,amsterdam,11,58,251.19,0.043791552211473385
YXAMSGHD,GRAND HOTEL DOWNTOWN,NL,amsterdam,64,20,1281.59,0.04993796768077154
BWAMS704,BEST WESTERN LEIDSE SQUARE HTL,NL,amsterdam,74,28,1119.29,0.06611333970642104
ONAMSESP,HOTEL ESPRESSO CITY CENTER,NL,amsterdam,99,290,237.49,0.41685965724872626
CHAMSCAR,SHORT STAY GROUP CARRE APARTMENTS,NL,amsterdam,14,389,400.59,0.034948451034723785
YXAMSCAN,THE AMSTERDAM CANAL HOTEL,NL,amsterdam,35,160,1398.6,0.025025025025025027
WTAMSACR,THE POET AMSTERDAM,NL,amsterdam,18,19,174.49,0.10315777408447475
TSAMSQEH,QUENTIN ENGLAND HOTEL,NL,amsterdam,79,22,1186.65,0.06657396873551594
CHAMSVON,SHORT STAY GROUP VONDELPARK APARTMENTS,NL,amsterdam,57,348,355.39,0.16038718028081828
YXAMSHVF,HOTEL V FREDERIKSPLEIN,NL,amsterdam,84,27,1171.99,0.07167296649288817
HSAMSAIL,BLYSS,NL,amsterdam,50,30,1360.15,0.03676065139874278
HSAMSADO,NICOLAAS WITSEN,NL,amsterdam,70,131,728.85,0.09604170954242985
ONAMSGMC,GOLDEN MANSION CITY APARTMENTS,NL,amsterdam,49,120,1052.15,0.04657130637266549
YXAMSHDH,HOTEL DE HALLEN,NL,amsterdam,75,205,282.39,0.2655901412939552
ERAMSELH,HAMPSHIRE HOTEL LANCASTER,NL,amsterdam,31,139,1107.75,0.02798465357707064
ICAMSICA,INTERCONTINENTAL AMSTEL AMS,NL,amsterdam,38,41,1229.09,0.030917182631052243
YXAMSNHI,HOTEL NOTTING HILL AMSTERDAM,NL,amsterdam,60,370,599.35,0.10010845082172352
HSAMSAKM,HOTEL VAN GOGH,NL,amsterdam,25,278,236.6,0.10566356720202874
RTAMSALL,IBIS STYLES AMSTERDAM CITY,NL,amsterdam,95,181,513.58,0.18497605046925503
RTAMSAMS,IBIS STYLES AMSTERDAM AMSTEL,NL,amsterdam,89,285,404.79,0.21986709157834924
ONAMSPVA,HOTEL PARK VIEW AMSTERDAM,NL,amsterdam,33,322,553.1,0.05966371361417465
VPAMS218,PILLOWS ANNA VAN DEN VONDEL AMSTERDAM,NL,amsterdam,35,172,350.35,0.09990009990009989
MKAMSHHH,MOEVENPICK AMSTERDAM CITY CENTRE,NL,amsterdam,18,378,358.89,0.0501546434840759
HSAMSAKN,WASHINGTON,NL,amsterdam,41,47,1277.69,0.03208916090757539
YXAMSAMS,ATLANTIS HOTEL,NL,amsterdam,13,158,1283.5,0.01012855473315154
YXAMSKAS,MUSEUMPLEIN,NL,amsterdam,98,326,64.92,1.5095502156500307
YXAMSH11,HOTEL ARENA,NL,amsterdam,13,97,527.08,0.02466418759960537
HSAMSANM,MUSEUM SUITES,NL,amsterdam,96,377,1146.59,0.08372652822717798
HAAMSORG,AALBORG HOTEL,NL,amsterdam,59,120,1491.19,0.03956571597180775
HSAMSAKG,CONSCIOUS HOTEL MUSEUM SQUARE,NL,amsterdam,84,144,1349.15,0.06226142385946707
ONAMSSAR,SARPHATI HOTEL,NL,amsterdam,31,149,1278.09,0.02425494292264238
ONAMSSAN,SANDER HOTEL AMSTERDAM,NL,amsterdam,23,110,407.55,0.056434793276898536
YXAMSMEM,MEMPHIS HOTEL AMSTERDAM,NL,amsterdam,93,175,1397.89,0.06652883989441229
YXAMSTIA,WESTCORD ART HTL AMSTERDAM 3*,NL,amsterdam,95,213,527.7,0.1800265302255069
HLAMS228,HILTON AMSTERDAM,NL,amsterdam,62,311,1405.55,0.044110846287929995
BWAMS591,BEST WESTERN DELPHI HOTEL,NL,amsterdam,25,188,470.15,0.053174518770605125
VPAMS220,THE DELPHI AMSTERDAM TOWNHOUSE,NL,amsterdam,25,36,1193.15,0.02095293969743955
VPAMS242,BILDERBERG GARDEN HOTEL,FR,paris,97,202,1283.59,0.07556930172407078
LWAMS092,HOTEL OKURA AMSTERDAM,NL,amsterdam,29,11,1417.95,0.02045206107408583
ERAMSHAH,APOLLOFIRST HAMPSHIRE,NL,amsterdam,18,262,451.4,0.03987594151528578
VPAMS263,HOTEL OKURA AMSTERDAM,NL,amsterdam,43,30,807.2,0.05327056491575817
ERAMSEPH,THE MANOR HOTEL HAMPSHIRE EDEN,NL,amsterdam,81,69,63.89,1.2678040381906401
WVAMSTOR,KINGS VILLA HAMPSHIRE CLASSIC,NL,amsterdam,100,26,373.99,0.26738682852482687
HSAMSAJH,CONSCIOUS VONDELPARK,NL,amsterdam,66,293,962.29,0.06858639287532864
YXAMSSBH,BROOKLYN HOTEL,NL,amsterdam,57,71,854.29,0.06672207330063562
HSAMSADE,FLIPPER,NL,amsterdam,59,115,1471.89,0.04008451718538749
YXAMS642,LLOYD HOTEL AND CULTURAL EMBASSY,NL,amsterdam,91,396,325.29,0.2797503765870454
BWAMS697,BEST WESTERN BLUE TOWER HOTEL,NL,amsterdam,36,12,1308.79,0.027506322633883206
ONAMSCEN,HOTEL CENTRAL PARK,NL,amsterdam,61,259,559.85,0.10895775654193086
RTAMSWES,IBIS AMSTERDAM CITY WEST,NL,amsterdam,15,73,932.6,0.01608406605189792
YXAMSNOO,BASTION AMSTERDAM NOORD,NL,amsterdam,80,285,380.99,0.20997926454762592
YXAMSZUI,BASTION AMSTERDAM ZUID WEST,NL,amsterdam,56,104,564.99,0.09911679852740757
YXAMSFAS,WESTCORD FASHION HTL AMSTERDAM,NL,amsterdam,16,97,350.8,0.04561003420752566
HIAMS64B,HOLIDAY INN EXPRESS SLOTERDIJK,NL,amsterdam,70,378,90.39,0.7744219493306782
BWAMS730,BEST WESTERN PREMIER COUTURE,NL,amsterdam,47,362,370.45,0.1268727223646916
GTAMSSYM,ROYAL TULIP AMSTERDAM,NL,amsterdam,97,234,441.59,0.21966077130369802
CPAMS6AC,CROWNE PLAZA AMSTERDAM SOUTH,NL,amsterdam,22,106,1134.09,0.019398813145341202
RTAMSNOV,NOVOTEL AMSTERDAM CITY,NL,amsterdam,12,220,232.96,0.05151098901098901
RTAMSEUS,MERCURE HOTEL AMSTERDAM CITY,NL,amsterdam,71,33,208.75,0.3401197604790419
YXAMSAPH,AMADI PARK HOTEL,NL,amsterdam,47,195,614.49,0.07648619180133119
YXAMSVER,BASTION DELUXE AMSTERDAM AMSTE,NL,amsterdam,50,311,109.55,0.4564125969876769
HIAMS09F,HOLIDAY INN EXP SOUTH,NL,amsterdam,54,226,124.79,0.4327269813286321
YXAMSZAA,BASTION AMSTERDAM ZAANDAM,NL,zaandam,69,173,262.79,0.26256706876212943
HIAMSC89,HOLIDAY INN ARENA TOWERS,NL,amsterdam,26,292,1171.35,0.0221966107482819
HIAMSC8E,HOLIDAY INN EXP ARENA TOWERS,NL,amsterdam,94,240,634.95,0.14804315300417353
YXAMS001,HOTEL JAGERSHUIS,NL,amstelveen,32,253,1068.19,0.029957217348973497
YXAMSINZ,INNTEL HOTELS AMSTERDAM ZAANDA,NL,amsterdam,17,269,789.25,0.021539436173582515
SRAMSAMS,STEIGENBERGER AIRPORT HOTEL,NL,amsterdam schiphol,27,175,1194.29,0.022607574374733104
TSAMSHSP,HTEL SERVICED APARTMENTS,NL,amstelveen,83,102,514.29,0.16138754399268895
BWAMS731,BEST WESTERN ZAAN INN,NL,zaandam,58,287,386.09,0.15022404102670364
WVSXM877,BELAIR BEACH HOTEL,NL,philipsburg,18,286,1457.89,0.012346610512452928
YXAMSFTH,FLETCHER HOTEL AMSTERDAM,NL,amsterdam,29,350,1050.19,0.02761405079080928